area_code,area,year,monthly_median_rent,median_salary,monthly_median_salary,rent_burden,affordability_ratio,disposable_income
E06000001,Hartlepool,2019,376.0,26010.0,2168.0,0.17,5.77,1792.0
E06000001,Hartlepool,2020,414.0,28093.0,2341.0,0.18,5.65,1927.0
E06000001,Hartlepool,2021,419.0,28332.0,2361.0,0.18,5.63,1942.0
E06000001,Hartlepool,2022,414.0,30114.0,2510.0,0.16,6.06,2096.0
E06000001,Hartlepool,2023,371.0,32313.0,2693.0,0.14,7.26,2322.0
E06000001,Hartlepool,2024,381.0,31584.0,2632.0,0.14,6.91,2251.0
E06000001,Hartlepool,2025,398.0,31871.0,2656.0,0.15,6.67,2258.0
E06000002,Middlesbrough,2019,358.0,26203.0,2184.0,0.16,6.1,1826.0
E06000002,Middlesbrough,2020,368.0,27005.0,2250.0,0.16,6.11,1882.0
E06000002,Middlesbrough,2021,368.0,25922.0,2160.0,0.17,5.87,1792.0
E06000002,Middlesbrough,2022,379.0,,,,,
E06000002,Middlesbrough,2023,398.0,31631.0,2636.0,0.15,6.62,2238.0
E06000002,Middlesbrough,2024,429.5,32368.0,2697.0,0.16,6.28,2267.5
E06000002,Middlesbrough,2025,475.5,35177.0,2931.0,0.16,6.16,2455.5
E06000003,Redcar and Cleveland,2019,349.0,25846.0,2154.0,0.16,6.17,1805.0
E06000003,Redcar and Cleveland,2020,400.0,26220.0,2185.0,0.18,5.46,1785.0
E06000003,Redcar and Cleveland,2021,400.0,24821.0,2068.0,0.19,5.17,1668.0
E06000003,Redcar and Cleveland,2022,412.0,26462.0,2205.0,0.19,5.35,1793.0
E06000003,Redcar and Cleveland,2023,375.0,,,,,
E06000003,Redcar and Cleveland,2024,402.5,30588.0,2549.0,0.16,6.33,2146.5
E06000003,Redcar and Cleveland,2025,446.0,35111.0,2926.0,0.15,6.56,2480.0
E06000004,Stockton-on-Tees,2019,410.0,29049.0,2421.0,0.17,5.9,2011.0
E06000004,Stockton-on-Tees,2020,410.0,30531.0,2544.0,0.16,6.2,2134.0
E06000004,Stockton-on-Tees,2021,420.0,29026.0,2419.0,0.17,5.76,1999.0
E06000004,Stockton-on-Tees,2022,430.0,30643.0,2554.0,0.17,5.94,2124.0
E06000004,Stockton-on-Tees,2023,429.5,30520.0,2543.0,0.17,5.92,2113.5
E06000004,Stockton-on-Tees,2024,466.5,34291.0,2858.0,0.16,6.13,2391.5
E06000004,Stockton-on-Tees,2025,514.0,37558.0,3130.0,0.16,6.09,2616.0
E06000005,Darlington,2019,325.0,27888.0,2324.0,0.14,7.15,1999.0
E06000005,Darlington,2020,343.0,28045.0,2337.0,0.15,6.81,1994.0
E06000005,Darlington,2021,350.0,29280.0,2440.0,0.14,6.97,2090.0
E06000005,Darlington,2022,350.0,,,,,
E06000005,Darlington,2023,391.0,30749.0,2562.0,0.15,6.55,2171.0
E06000005,Darlington,2024,416.0,33374.0,2781.0,0.15,6.69,2365.0
E06000005,Darlington,2025,464.0,36166.0,3014.0,0.15,6.5,2550.0
E06000006,Halton,2019,411.0,30000.0,2500.0,0.16,6.08,2089.0
E06000006,Halton,2020,412.0,30990.0,2582.0,0.16,6.27,2170.0
E06000006,Halton,2021,409.0,29557.0,2463.0,0.17,6.02,2054.0
E06000006,Halton,2022,425.0,33784.0,2815.0,0.15,6.62,2390.0
E06000006,Halton,2023,445.0,36317.0,3026.0,0.15,6.8,2581.0
E06000006,Halton,2024,482.5,35994.0,3000.0,0.16,6.22,2517.5
E06000006,Halton,2025,507.0,35187.0,2932.0,0.17,5.78,2425.0
E06000007,Warrington,2019,375.0,28145.0,2345.0,0.16,6.25,1970.0
E06000007,Warrington,2020,375.0,31017.0,2585.0,0.15,6.89,2210.0
E06000007,Warrington,2021,425.0,32018.0,2668.0,0.16,6.28,2243.0
E06000007,Warrington,2022,475.0,32986.0,2749.0,0.17,5.79,2274.0
E06000007,Warrington,2023,539.5,34963.0,2914.0,0.19,5.4,2374.5
E06000007,Warrington,2024,585.0,37256.0,3105.0,0.19,5.31,2520.0
E06000007,Warrington,2025,635.5,40380.0,3365.0,0.19,5.3,2729.5
E06000008,Blackburn with Darwen,2019,347.0,25566.0,2130.0,0.16,6.14,1783.0
E06000008,Blackburn with Darwen,2020,325.0,25339.0,2112.0,0.15,6.5,1787.0
E06000008,Blackburn with Darwen,2021,346.0,27551.0,2296.0,0.15,6.64,1950.0
E06000008,Blackburn with Darwen,2022,350.0,28306.0,2359.0,0.15,6.74,2009.0
E06000008,Blackburn with Darwen,2023,412.0,31159.0,2597.0,0.16,6.3,2185.0
E06000008,Blackburn with Darwen,2024,459.0,29262.0,2438.0,0.19,5.31,1979.0
E06000008,Blackburn with Darwen,2025,506.0,33076.0,2756.0,0.18,5.45,2250.0
E06000009,Blackpool,2019,390.0,25593.0,2133.0,0.18,5.47,1743.0
E06000009,Blackpool,2020,390.0,24759.0,2063.0,0.19,5.29,1673.0
E06000009,Blackpool,2021,364.0,28430.0,2369.0,0.15,6.51,2005.0
E06000009,Blackpool,2022,412.0,26872.0,2239.0,0.18,5.43,1827.0
E06000009,Blackpool,2023,403.5,30407.0,2534.0,0.16,6.28,2130.5
E06000009,Blackpool,2024,421.0,31364.0,2614.0,0.16,6.21,2193.0
E06000009,Blackpool,2025,464.5,31858.0,2655.0,0.17,5.72,2190.5
E06000010,"Kingston upon Hull, City of",2019,368.0,27532.0,2294.0,0.16,6.23,1926.0
E06000010,"Kingston upon Hull, City of",2020,350.0,27986.0,2332.0,0.15,6.66,1982.0
E06000010,"Kingston upon Hull, City of",2021,375.0,28316.0,2360.0,0.16,6.29,1985.0
E06000010,"Kingston upon Hull, City of",2022,377.0,28742.0,2395.0,0.16,6.35,2018.0
E06000010,"Kingston upon Hull, City of",2023,392.0,30661.0,2555.0,0.15,6.52,2163.0
E06000010,"Kingston upon Hull, City of",2024,425.5,30746.0,2562.0,0.17,6.02,2136.5
E06000010,"Kingston upon Hull, City of",2025,464.0,31419.0,2618.0,0.18,5.64,2154.0
E06000011,East Riding of Yorkshire,2019,370.0,27946.0,2329.0,0.16,6.29,1959.0
E06000011,East Riding of Yorkshire,2020,393.0,29407.0,2451.0,0.16,6.24,2058.0
E06000011,East Riding of Yorkshire,2021,350.0,28558.0,2380.0,0.15,6.8,2030.0
E06000011,East Riding of Yorkshire,2022,360.0,30124.0,2510.0,0.14,6.97,2150.0
E06000011,East Riding of Yorkshire,2023,417.5,31363.0,2614.0,0.16,6.26,2196.5
E06000011,East Riding of Yorkshire,2024,447.0,36647.0,3054.0,0.15,6.83,2607.0
E06000011,East Riding of Yorkshire,2025,476.5,37595.0,3133.0,0.15,6.58,2656.5
E06000012,North East Lincolnshire,2019,347.0,25321.0,2110.0,0.16,6.08,1763.0
E06000012,North East Lincolnshire,2020,368.0,26213.0,2184.0,0.17,5.93,1816.0
E06000012,North East Lincolnshire,2021,371.5,26899.0,2242.0,0.17,6.03,1870.5
E06000012,North East Lincolnshire,2022,397.5,27777.0,2315.0,0.17,5.82,1917.5
E06000012,North East Lincolnshire,2023,382.5,,,,,
E06000012,North East Lincolnshire,2024,396.0,34490.0,2874.0,0.14,7.26,2478.0
E06000012,North East Lincolnshire,2025,421.0,35052.0,2921.0,0.14,6.94,2500.0
E06000013,North Lincolnshire,2019,323.5,28944.0,2412.0,0.13,7.46,2088.5
E06000013,North Lincolnshire,2020,371.0,30567.0,2547.0,0.15,6.87,2176.0
E06000013,North Lincolnshire,2021,373.5,29947.0,2496.0,0.15,6.68,2122.5
E06000013,North Lincolnshire,2022,390.0,30446.0,2537.0,0.15,6.51,2147.0
E06000013,North Lincolnshire,2023,387.0,32294.0,2691.0,0.14,6.95,2304.0
E06000013,North Lincolnshire,2024,409.5,34834.0,2903.0,0.14,7.09,2493.5
E06000013,North Lincolnshire,2025,441.0,34738.0,2895.0,0.15,6.56,2454.0
E06000014,York,2019,525.0,29611.0,2468.0,0.21,4.7,1943.0
E06000014,York,2020,525.0,31096.0,2591.0,0.2,4.94,2066.0
E06000014,York,2021,550.0,32501.0,2708.0,0.2,4.92,2158.0
E06000014,York,2022,595.0,33077.0,2756.0,0.22,4.63,2161.0
E06000014,York,2023,712.5,34450.0,2871.0,0.25,4.03,2158.5
E06000014,York,2024,801.0,36046.0,3004.0,0.27,3.75,2203.0
E06000014,York,2025,818.5,40496.0,3375.0,0.24,4.12,2556.5
E06000015,Derby,2019,360.0,39141.0,3262.0,0.11,9.06,2902.0
E06000015,Derby,2020,368.0,40431.0,3369.0,0.11,9.15,3001.0
E06000015,Derby,2021,475.0,36330.0,3028.0,0.16,6.37,2553.0
E06000015,Derby,2022,475.0,36023.0,3002.0,0.16,6.32,2527.0
E06000015,Derby,2023,478.0,39915.0,3326.0,0.14,6.96,2848.0
E06000015,Derby,2024,528.5,34977.0,2915.0,0.18,5.52,2386.5
E06000015,Derby,2025,588.5,36428.0,3036.0,0.19,5.16,2447.5
E06000016,Leicester,2019,425.0,25937.0,2161.0,0.2,5.08,1736.0
E06000016,Leicester,2020,400.0,28507.0,2376.0,0.17,5.94,1976.0
E06000016,Leicester,2021,450.0,27488.0,2291.0,0.2,5.09,1841.0
E06000016,Leicester,2022,500.0,29242.0,2437.0,0.21,4.87,1937.0
E06000016,Leicester,2023,565.0,31387.0,2616.0,0.22,4.63,2051.0
E06000016,Leicester,2024,641.0,29808.0,2484.0,0.26,3.88,1843.0
E06000016,Leicester,2025,699.0,32281.0,2690.0,0.26,3.85,1991.0
E06000017,Rutland,2019,490.0,30240.0,2520.0,0.19,5.14,2030.0
E06000017,Rutland,2020,475.0,30314.0,2526.0,0.19,5.32,2051.0
E06000017,Rutland,2021,520.0,29841.0,2487.0,0.21,4.78,1967.0
E06000017,Rutland,2022,550.0,33117.0,2760.0,0.2,5.02,2210.0
E06000017,Rutland,2023,540.5,35348.0,2946.0,0.18,5.45,2405.5
E06000017,Rutland,2024,582.5,40165.0,3347.0,0.17,5.75,2764.5
E06000017,Rutland,2025,658.5,42355.0,3530.0,0.19,5.36,2871.5
E06000018,Nottingham,2019,550.0,28508.0,2376.0,0.23,4.32,1826.0
E06000018,Nottingham,2020,460.0,28385.0,2365.0,0.19,5.14,1905.0
E06000018,Nottingham,2021,455.0,27979.0,2332.0,0.2,5.13,1877.0
E06000018,Nottingham,2022,470.0,29156.0,2430.0,0.19,5.17,1960.0
E06000018,Nottingham,2023,597.5,30179.0,2515.0,0.24,4.21,1917.5
E06000018,Nottingham,2024,660.5,29974.0,2498.0,0.26,3.78,1837.5
E06000018,Nottingham,2025,715.5,30798.0,2566.0,0.28,3.59,1850.5
E06000019,"Herefordshire, County of",2019,412.0,25308.0,2109.0,0.2,5.12,1697.0
E06000019,"Herefordshire, County of",2020,430.0,27110.0,2259.0,0.19,5.25,1829.0
E06000019,"Herefordshire, County of",2021,440.0,26779.0,2232.0,0.2,5.07,1792.0
E06000019,"Herefordshire, County of",2022,475.0,27500.0,2292.0,0.21,4.83,1817.0
E06000019,"Herefordshire, County of",2023,505.0,30228.0,2519.0,0.2,4.99,2014.0
E06000019,"Herefordshire, County of",2024,535.5,33245.0,2770.0,0.19,5.17,2234.5
E06000019,"Herefordshire, County of",2025,573.5,34730.0,2894.0,0.2,5.05,2320.5
E06000020,Telford and Wrekin,2019,400.0,28772.0,2398.0,0.17,6.0,1998.0
E06000020,Telford and Wrekin,2020,347.0,30328.0,2527.0,0.14,7.28,2180.0
E06000020,Telford and Wrekin,2021,400.0,28863.0,2405.0,0.17,6.01,2005.0
E06000020,Telford and Wrekin,2022,395.0,31675.0,2640.0,0.15,6.68,2245.0
E06000020,Telford and Wrekin,2023,479.5,32204.0,2684.0,0.18,5.6,2204.5
E06000020,Telford and Wrekin,2024,514.0,34045.0,2837.0,0.18,5.52,2323.0
E06000020,Telford and Wrekin,2025,556.5,36044.0,3004.0,0.19,5.4,2447.5
E06000021,Stoke-on-Trent,2019,358.0,26596.0,2216.0,0.16,6.19,1858.0
E06000021,Stoke-on-Trent,2020,352.5,28178.0,2348.0,0.15,6.66,1995.5
E06000021,Stoke-on-Trent,2021,410.0,28348.0,2362.0,0.17,5.76,1952.0
E06000021,Stoke-on-Trent,2022,425.0,29489.0,2457.0,0.17,5.78,2032.0
E06000021,Stoke-on-Trent,2023,403.5,31012.0,2584.0,0.16,6.4,2180.5
E06000021,Stoke-on-Trent,2024,436.0,30585.0,2549.0,0.17,5.85,2113.0
E06000021,Stoke-on-Trent,2025,488.0,32622.0,2718.0,0.18,5.57,2230.0
E06000022,Bath and North East Somerset,2019,695.0,31863.0,2655.0,0.26,3.82,1960.0
E06000022,Bath and North East Somerset,2020,695.0,32064.0,2672.0,0.26,3.84,1977.0
E06000022,Bath and North East Somerset,2021,725.0,30165.0,2514.0,0.29,3.47,1789.0
E06000022,Bath and North East Somerset,2022,795.0,32251.0,2688.0,0.3,3.38,1893.0
E06000022,Bath and North East Somerset,2023,924.5,34945.0,2912.0,0.32,3.15,1987.5
E06000022,Bath and North East Somerset,2024,993.5,40252.0,3354.0,0.3,3.38,2360.5
E06000022,Bath and North East Somerset,2025,1116.5,40448.0,3371.0,0.33,3.02,2254.5
E06000023,"Bristol, City of",2019,650.0,30756.0,2563.0,0.25,3.94,1913.0
E06000023,"Bristol, City of",2020,700.0,32984.0,2749.0,0.25,3.93,2049.0
E06000023,"Bristol, City of",2021,723.0,32287.0,2691.0,0.27,3.72,1968.0
E06000023,"Bristol, City of",2022,775.0,34446.0,2870.0,0.27,3.7,2095.0
E06000023,"Bristol, City of",2023,1049.5,36582.0,3048.0,0.34,2.9,1998.5
E06000023,"Bristol, City of",2024,1131.0,38971.0,3248.0,0.35,2.87,2117.0
E06000023,"Bristol, City of",2025,1143.0,39509.0,3292.0,0.35,2.88,2149.0
E06000024,North Somerset,2019,509.0,26712.0,2226.0,0.23,4.37,1717.0
E06000024,North Somerset,2020,503.0,28407.0,2367.0,0.21,4.71,1864.0
E06000024,North Somerset,2021,500.0,28361.0,2363.0,0.21,4.73,1863.0
E06000024,North Somerset,2022,513.0,29988.0,2499.0,0.21,4.87,1986.0
E06000024,North Somerset,2023,663.0,31964.0,2664.0,0.25,4.02,2001.0
E06000024,North Somerset,2024,723.5,38368.0,3197.0,0.23,4.42,2473.5
E06000024,North Somerset,2025,788.0,39969.0,3331.0,0.24,4.23,2543.0
E06000025,South Gloucestershire,2019,525.0,31434.0,2620.0,0.2,4.99,2095.0
E06000025,South Gloucestershire,2020,520.0,34957.0,2913.0,0.18,5.6,2393.0
E06000025,South Gloucestershire,2021,575.0,33892.0,2824.0,0.2,4.91,2249.0
E06000025,South Gloucestershire,2022,663.0,36871.0,3073.0,0.22,4.63,2410.0
E06000025,South Gloucestershire,2023,826.0,41093.0,3424.0,0.24,4.15,2598.0
E06000025,South Gloucestershire,2024,890.5,39243.0,3270.0,0.27,3.67,2379.5
E06000025,South Gloucestershire,2025,945.0,40731.0,3394.0,0.28,3.59,2449.0
E06000026,Plymouth,2019,425.0,27646.0,2304.0,0.18,5.42,1879.0
E06000026,Plymouth,2020,420.0,29691.0,2474.0,0.17,5.89,2054.0
E06000026,Plymouth,2021,440.0,26759.0,2230.0,0.2,5.07,1790.0
E06000026,Plymouth,2022,475.0,29152.0,2429.0,0.2,5.11,1954.0
E06000026,Plymouth,2023,579.5,33060.0,2755.0,0.21,4.75,2175.5
E06000026,Plymouth,2024,629.5,33625.0,2802.0,0.22,4.45,2172.5
E06000026,Plymouth,2025,666.5,35186.0,2932.0,0.23,4.4,2265.5
E06000027,Torbay,2019,414.0,25221.0,2102.0,0.2,5.08,1688.0
E06000027,Torbay,2020,390.0,27365.0,2280.0,0.17,5.85,1890.0
E06000027,Torbay,2021,435.0,26240.0,2187.0,0.2,5.03,1752.0
E06000027,Torbay,2022,450.0,26025.0,2169.0,0.21,4.82,1719.0
E06000027,Torbay,2023,534.0,27064.0,2255.0,0.24,4.22,1721.0
E06000027,Torbay,2024,555.5,30416.0,2535.0,0.22,4.56,1979.5
E06000027,Torbay,2025,589.0,33493.0,2791.0,0.21,4.74,2202.0
E06000030,Swindon,2019,530.0,30201.0,2517.0,0.21,4.75,1987.0
E06000030,Swindon,2020,500.0,31782.0,2648.0,0.19,5.3,2148.0
E06000030,Swindon,2021,550.0,31290.0,2608.0,0.21,4.74,2058.0
E06000030,Swindon,2022,575.0,34620.0,2885.0,0.2,5.02,2310.0
E06000030,Swindon,2023,647.0,36169.0,3014.0,0.21,4.66,2367.0
E06000030,Swindon,2024,718.5,38001.0,3167.0,0.23,4.41,2448.5
E06000030,Swindon,2025,785.5,38900.0,3242.0,0.24,4.13,2456.5
E06000031,Peterborough,2019,495.0,28771.0,2398.0,0.21,4.84,1903.0
E06000031,Peterborough,2020,525.0,29873.0,2489.0,0.21,4.74,1964.0
E06000031,Peterborough,2021,495.0,29937.0,2495.0,0.2,5.04,2000.0
E06000031,Peterborough,2022,475.0,31396.0,2616.0,0.18,5.51,2141.0
E06000031,Peterborough,2023,573.0,33589.0,2799.0,0.2,4.88,2226.0
E06000031,Peterborough,2024,623.5,35437.0,2953.0,0.21,4.74,2329.5
E06000031,Peterborough,2025,674.0,35196.0,2933.0,0.23,4.35,2259.0
E06000032,Luton,2019,500.0,32243.0,2687.0,0.19,5.37,2187.0
E06000032,Luton,2020,525.0,33538.0,2795.0,0.19,5.32,2270.0
E06000032,Luton,2021,523.0,32949.0,2746.0,0.19,5.25,2223.0
E06000032,Luton,2022,550.0,32754.0,2730.0,0.2,4.96,2180.0
E06000032,Luton,2023,730.0,33639.0,2803.0,0.26,3.84,2073.0
E06000032,Luton,2024,806.0,33132.0,2761.0,0.29,3.43,1955.0
E06000032,Luton,2025,881.0,34732.0,2894.0,0.3,3.28,2013.0
E06000033,Southend-on-Sea,2019,495.0,27358.0,2280.0,0.22,4.61,1785.0
E06000033,Southend-on-Sea,2020,525.0,27993.0,2333.0,0.23,4.44,1808.0
E06000033,Southend-on-Sea,2021,550.0,29211.0,2434.0,0.23,4.43,1884.0
E06000033,Southend-on-Sea,2022,580.0,27993.0,2333.0,0.25,4.02,1753.0
E06000033,Southend-on-Sea,2023,722.5,31567.0,2631.0,0.27,3.64,1908.5
E06000033,Southend-on-Sea,2024,765.0,42753.0,3563.0,0.21,4.66,2798.0
E06000033,Southend-on-Sea,2025,828.0,41554.0,3463.0,0.24,4.18,2635.0
E06000034,Thurrock,2019,650.0,29989.0,2499.0,0.26,3.84,1849.0
E06000034,Thurrock,2020,700.0,30939.0,2578.0,0.27,3.68,1878.0
E06000034,Thurrock,2021,650.0,30673.0,2556.0,0.25,3.93,1906.0
E06000034,Thurrock,2022,704.0,34305.0,2859.0,0.25,4.06,2155.0
E06000034,Thurrock,2023,763.5,35193.0,2933.0,0.26,3.84,2169.5
E06000034,Thurrock,2024,825.5,40133.0,3344.0,0.25,4.05,2518.5
E06000034,Thurrock,2025,887.5,41997.0,3500.0,0.25,3.94,2612.5
E06000035,Medway,2019,520.0,29378.0,2448.0,0.21,4.71,1928.0
E06000035,Medway,2020,550.0,32887.0,2741.0,0.2,4.98,2191.0
E06000035,Medway,2021,575.0,31178.0,2598.0,0.22,4.52,2023.0
E06000035,Medway,2022,600.0,33404.0,2784.0,0.22,4.64,2184.0
E06000035,Medway,2023,712.0,33589.0,2799.0,0.25,3.93,2087.0
E06000035,Medway,2024,786.5,38330.0,3194.0,0.25,4.06,2407.5
E06000035,Medway,2025,873.0,39622.0,3302.0,0.26,3.78,2429.0
E06000036,Bracknell Forest,2019,650.0,37533.0,3128.0,0.21,4.81,2478.0
E06000036,Bracknell Forest,2020,650.0,42029.0,3502.0,0.19,5.39,2852.0
E06000036,Bracknell Forest,2021,675.0,40908.0,3409.0,0.2,5.05,2734.0
E06000036,Bracknell Forest,2022,750.0,43566.0,3630.0,0.21,4.84,2880.0
E06000036,Bracknell Forest,2023,842.0,42842.0,3570.0,0.24,4.24,2728.0
E06000036,Bracknell Forest,2024,951.0,41899.0,3492.0,0.27,3.67,2541.0
E06000036,Bracknell Forest,2025,1040.5,43206.0,3600.0,0.29,3.46,2559.5
E06000037,West Berkshire,2019,662.5,36483.0,3040.0,0.22,4.59,2377.5
E06000037,West Berkshire,2020,565.0,35913.0,2993.0,0.19,5.3,2428.0
E06000037,West Berkshire,2021,618.0,38677.0,3223.0,0.19,5.22,2605.0
E06000037,West Berkshire,2022,625.0,37702.0,3142.0,0.2,5.03,2517.0
E06000037,West Berkshire,2023,774.5,41619.0,3468.0,0.22,4.48,2693.5
E06000037,West Berkshire,2024,837.0,43514.0,3626.0,0.23,4.33,2789.0
E06000037,West Berkshire,2025,884.5,44887.0,3741.0,0.24,4.23,2856.5
E06000038,Reading,2019,650.0,34206.0,2850.0,0.23,4.38,2200.0
E06000038,Reading,2020,663.0,34290.0,2858.0,0.23,4.31,2195.0
E06000038,Reading,2021,695.0,34409.0,2867.0,0.24,4.13,2172.0
E06000038,Reading,2022,675.0,38196.0,3183.0,0.21,4.72,2508.0
E06000038,Reading,2023,880.5,39689.0,3307.0,0.27,3.76,2426.5
E06000038,Reading,2024,1001.5,41173.0,3431.0,0.29,3.43,2429.5
E06000038,Reading,2025,1093.0,40700.0,3392.0,0.32,3.1,2299.0
E06000039,Slough,2019,625.0,36445.0,3037.0,0.21,4.86,2412.0
E06000039,Slough,2020,650.0,34815.0,2901.0,0.22,4.46,2251.0
E06000039,Slough,2021,650.0,39000.0,3250.0,0.2,5.0,2600.0
E06000039,Slough,2022,684.0,41105.0,3425.0,0.2,5.01,2741.0
E06000039,Slough,2023,887.5,39308.0,3276.0,0.27,3.69,2388.5
E06000039,Slough,2024,976.0,38682.0,3224.0,0.3,3.3,2248.0
E06000039,Slough,2025,1116.0,38483.0,3207.0,0.35,2.87,2091.0
E06000040,Windsor and Maidenhead,2019,700.0,33080.0,2757.0,0.25,3.94,2057.0
E06000040,Windsor and Maidenhead,2020,725.0,34632.0,2886.0,0.25,3.98,2161.0
E06000040,Windsor and Maidenhead,2021,700.0,33929.0,2827.0,0.25,4.04,2127.0
E06000040,Windsor and Maidenhead,2022,725.0,37456.0,3121.0,0.23,4.3,2396.0
E06000040,Windsor and Maidenhead,2023,1003.5,37784.0,3149.0,0.32,3.14,2145.5
E06000040,Windsor and Maidenhead,2024,1104.5,45467.0,3789.0,0.29,3.43,2684.5
E06000040,Windsor and Maidenhead,2025,1222.5,47387.0,3949.0,0.31,3.23,2726.5
E06000041,Wokingham,2019,650.0,38492.0,3208.0,0.2,4.94,2558.0
E06000041,Wokingham,2020,625.0,37682.0,3140.0,0.2,5.02,2515.0
E06000041,Wokingham,2021,700.0,38276.0,3190.0,0.22,4.56,2490.0
E06000041,Wokingham,2022,611.0,37316.0,3110.0,0.2,5.09,2499.0
E06000041,Wokingham,2023,824.0,47033.0,3919.0,0.21,4.76,3095.0
E06000041,Wokingham,2024,943.0,46060.0,3838.0,0.25,4.07,2895.0
E06000041,Wokingham,2025,1027.5,52222.0,4352.0,0.24,4.24,3324.5
E06000042,Milton Keynes,2019,575.0,34247.0,2854.0,0.2,4.96,2279.0
E06000042,Milton Keynes,2020,675.0,34277.0,2856.0,0.24,4.23,2181.0
E06000042,Milton Keynes,2021,695.0,32661.0,2722.0,0.26,3.92,2027.0
E06000042,Milton Keynes,2022,715.0,35248.0,2937.0,0.24,4.11,2222.0
E06000042,Milton Keynes,2023,841.5,39633.0,3303.0,0.25,3.93,2461.5
E06000042,Milton Keynes,2024,891.5,40103.0,3342.0,0.27,3.75,2450.5
E06000042,Milton Keynes,2025,938.0,41389.0,3449.0,0.27,3.68,2511.0
E06000043,Brighton and Hove,2019,700.0,30230.0,2519.0,0.28,3.6,1819.0
E06000043,Brighton and Hove,2020,700.0,33361.0,2780.0,0.25,3.97,2080.0
E06000043,Brighton and Hove,2021,700.0,32037.0,2670.0,0.26,3.81,1970.0
E06000043,Brighton and Hove,2022,725.0,31980.0,2665.0,0.27,3.68,1940.0
E06000043,Brighton and Hove,2023,1059.5,34861.0,2905.0,0.36,2.74,1845.5
E06000043,Brighton and Hove,2024,1121.5,38660.0,3222.0,0.35,2.87,2100.5
E06000043,Brighton and Hove,2025,1197.5,39347.0,3279.0,0.37,2.74,2081.5
E06000044,Portsmouth,2019,550.0,30996.0,2583.0,0.21,4.7,2033.0
E06000044,Portsmouth,2020,575.0,32877.0,2740.0,0.21,4.77,2165.0
E06000044,Portsmouth,2021,550.0,31851.0,2654.0,0.21,4.83,2104.0
E06000044,Portsmouth,2022,600.0,34136.0,2845.0,0.21,4.74,2245.0
E06000044,Portsmouth,2023,745.5,35073.0,2923.0,0.26,3.92,2177.5
E06000044,Portsmouth,2024,832.5,35112.0,2926.0,0.28,3.51,2093.5
E06000044,Portsmouth,2025,878.0,36022.0,3002.0,0.29,3.42,2124.0
E06000045,Southampton,2019,500.0,31381.0,2615.0,0.19,5.23,2115.0
E06000045,Southampton,2020,500.0,32511.0,2709.0,0.18,5.42,2209.0
E06000045,Southampton,2021,525.0,31365.0,2614.0,0.2,4.98,2089.0
E06000045,Southampton,2022,550.0,33968.0,2831.0,0.19,5.15,2281.0
E06000045,Southampton,2023,717.0,36110.0,3009.0,0.24,4.2,2292.0
E06000045,Southampton,2024,792.5,34571.0,2881.0,0.28,3.64,2088.5
E06000045,Southampton,2025,850.0,37130.0,3094.0,0.27,3.64,2244.0
E06000046,Isle of Wight,2019,390.0,24765.0,2064.0,0.19,5.29,1674.0
E06000046,Isle of Wight,2020,400.0,27193.0,2266.0,0.18,5.66,1866.0
E06000046,Isle of Wight,2021,415.0,26054.0,2171.0,0.19,5.23,1756.0
E06000046,Isle of Wight,2022,450.0,,,,,
E06000046,Isle of Wight,2023,533.5,28285.0,2357.0,0.23,4.42,1823.5
E06000046,Isle of Wight,2024,568.5,33912.0,2826.0,0.2,4.97,2257.5
E06000046,Isle of Wight,2025,613.0,31184.0,2599.0,0.24,4.24,1986.0
E06000047,County Durham,2019,359.0,26378.0,2198.0,0.16,6.12,1839.0
E06000047,County Durham,2020,382.0,26609.0,2217.0,0.17,5.8,1835.0
E06000047,County Durham,2021,375.0,26219.0,2185.0,0.17,5.83,1810.0
E06000047,County Durham,2022,380.0,27737.0,2311.0,0.16,6.08,1931.0
E06000047,County Durham,2023,361.0,29384.0,2449.0,0.15,6.78,2088.0
E06000047,County Durham,2024,385.5,32380.0,2698.0,0.14,7.0,2312.5
E06000047,County Durham,2025,423.5,33436.0,2786.0,0.15,6.58,2362.5
E06000049,Cheshire East,2019,495.0,29607.0,2467.0,0.2,4.98,1972.0
E06000049,Cheshire East,2020,490.0,30240.0,2520.0,0.19,5.14,2030.0
E06000049,Cheshire East,2021,495.0,30121.0,2510.0,0.2,5.07,2015.0
E06000049,Cheshire East,2022,495.0,31527.0,2627.0,0.19,5.31,2132.0
E06000049,Cheshire East,2023,586.0,34596.0,2883.0,0.2,4.92,2297.0
E06000049,Cheshire East,2024,595.5,37596.0,3133.0,0.19,5.26,2537.5
E06000049,Cheshire East,2025,651.0,40991.0,3416.0,0.19,5.25,2765.0
E06000050,Cheshire West and Chester,2019,395.0,28986.0,2416.0,0.16,6.12,2021.0
E06000050,Cheshire West and Chester,2020,412.0,28617.0,2385.0,0.17,5.79,1973.0
E06000050,Cheshire West and Chester,2021,429.0,31750.0,2646.0,0.16,6.17,2217.0
E06000050,Cheshire West and Chester,2022,455.0,31771.0,2648.0,0.17,5.82,2193.0
E06000050,Cheshire West and Chester,2023,571.5,33639.0,2803.0,0.2,4.9,2231.5
E06000050,Cheshire West and Chester,2024,615.0,39353.0,3279.0,0.19,5.33,2664.0
E06000050,Cheshire West and Chester,2025,677.0,41486.0,3457.0,0.2,5.11,2780.0
E06000051,Shropshire,2019,400.0,27261.0,2272.0,0.18,5.68,1872.0
E06000051,Shropshire,2020,400.0,28659.0,2388.0,0.17,5.97,1988.0
E06000051,Shropshire,2021,420.0,27407.0,2284.0,0.18,5.44,1864.0
E06000051,Shropshire,2022,434.0,31118.0,2593.0,0.17,5.97,2159.0
E06000051,Shropshire,2023,503.0,31753.0,2646.0,0.19,5.26,2143.0
E06000051,Shropshire,2024,541.5,36475.0,3040.0,0.18,5.61,2498.5
E06000051,Shropshire,2025,580.0,36991.0,3083.0,0.19,5.32,2503.0
E06000052,Cornwall,2019,460.0,24963.0,2080.0,0.22,4.52,1620.0
E06000052,Cornwall,2020,450.0,25511.0,2126.0,0.21,4.72,1676.0
E06000052,Cornwall,2021,480.0,24992.0,2083.0,0.23,4.34,1603.0
E06000052,Cornwall,2022,495.0,28576.0,2381.0,0.21,4.81,1886.0
E06000052,Cornwall,2023,583.5,31669.0,2639.0,0.22,4.52,2055.5
E06000052,Cornwall,2024,610.5,33799.0,2817.0,0.22,4.61,2206.5
E06000052,Cornwall,2025,665.0,35002.0,2917.0,0.23,4.39,2252.0
E06000054,Wiltshire,2019,495.0,28404.0,2367.0,0.21,4.78,1872.0
E06000054,Wiltshire,2020,450.0,28699.0,2392.0,0.19,5.32,1942.0
E06000054,Wiltshire,2021,560.0,29090.0,2424.0,0.23,4.33,1864.0
E06000054,Wiltshire,2022,545.0,32364.0,2697.0,0.2,4.95,2152.0
E06000054,Wiltshire,2023,608.0,33859.0,2822.0,0.22,4.64,2214.0
E06000054,Wiltshire,2024,647.0,36685.0,3057.0,0.21,4.72,2410.0
E06000054,Wiltshire,2025,695.5,37811.0,3151.0,0.22,4.53,2455.5
E06000055,Bedford,2019,450.0,31255.0,2605.0,0.17,5.79,2155.0
E06000055,Bedford,2020,557.5,31907.0,2659.0,0.21,4.77,2101.5
E06000055,Bedford,2021,495.0,29403.0,2450.0,0.2,4.95,1955.0
E06000055,Bedford,2022,550.0,33190.0,2766.0,0.2,5.03,2216.0
E06000055,Bedford,2023,656.0,33266.0,2772.0,0.24,4.23,2116.0
E06000055,Bedford,2024,700.5,38903.0,3242.0,0.22,4.63,2541.5
E06000055,Bedford,2025,767.5,41214.0,3434.0,0.22,4.47,2666.5
E06000056,Central Bedfordshire,2019,575.0,30403.0,2534.0,0.23,4.41,1959.0
E06000056,Central Bedfordshire,2020,508.0,30690.0,2558.0,0.2,5.04,2050.0
E06000056,Central Bedfordshire,2021,612.5,30502.0,2542.0,0.24,4.15,1929.5
E06000056,Central Bedfordshire,2022,595.0,32587.0,2716.0,0.22,4.56,2121.0
E06000056,Central Bedfordshire,2023,707.0,35030.0,2919.0,0.24,4.13,2212.0
E06000056,Central Bedfordshire,2024,766.5,43021.0,3585.0,0.21,4.68,2818.5
E06000056,Central Bedfordshire,2025,827.5,43645.0,3637.0,0.23,4.4,2809.5
E06000057,Northumberland,2019,391.5,25773.0,2148.0,0.18,5.49,1756.5
E06000057,Northumberland,2020,383.0,27015.0,2251.0,0.17,5.88,1868.0
E06000057,Northumberland,2021,375.0,27681.0,2307.0,0.16,6.15,1932.0
E06000057,Northumberland,2022,400.0,29686.0,2474.0,0.16,6.18,2074.0
E06000057,Northumberland,2023,395.5,30939.0,2578.0,0.15,6.52,2182.5
E06000057,Northumberland,2024,417.5,35990.0,2999.0,0.14,7.18,2581.5
E06000057,Northumberland,2025,458.5,37721.0,3143.0,0.15,6.85,2684.5
E07000008,Cambridge,2019,760.0,34224.0,2852.0,0.27,3.75,2092.0
E07000008,Cambridge,2020,773.0,35261.0,2938.0,0.26,3.8,2165.0
E07000008,Cambridge,2021,780.0,35634.0,2970.0,0.26,3.81,2190.0
E07000008,Cambridge,2022,850.0,35863.0,2989.0,0.28,3.52,2139.0
E07000008,Cambridge,2023,1061.5,40735.0,3395.0,0.31,3.2,2333.5
E07000008,Cambridge,2024,1145.0,44625.0,3719.0,0.31,3.25,2574.0
E07000008,Cambridge,2025,1231.0,43741.0,3645.0,0.34,2.96,2414.0
E07000009,East Cambridgeshire,2019,555.0,28091.0,2341.0,0.24,4.22,1786.0
E07000009,East Cambridgeshire,2020,610.0,,,,,
E07000009,East Cambridgeshire,2021,587.5,29609.0,2467.0,0.24,4.2,1879.5
E07000009,East Cambridgeshire,2022,572.5,29575.0,2465.0,0.23,4.31,1892.5
E07000009,East Cambridgeshire,2023,631.0,,,,,
E07000009,East Cambridgeshire,2024,673.5,37354.0,3113.0,0.22,4.62,2439.5
E07000009,East Cambridgeshire,2025,720.0,41464.0,3455.0,0.21,4.8,2735.0
E07000010,Fenland,2019,390.0,23234.0,1936.0,0.2,4.96,1546.0
E07000010,Fenland,2020,413.0,26929.0,2244.0,0.18,5.43,1831.0
E07000010,Fenland,2021,450.0,24016.0,2001.0,0.22,4.45,1551.0
E07000010,Fenland,2022,450.0,29016.0,2418.0,0.19,5.37,1968.0
E07000010,Fenland,2023,528.5,30845.0,2570.0,0.21,4.86,2041.5
E07000010,Fenland,2024,562.5,35009.0,2917.0,0.19,5.19,2354.5
E07000010,Fenland,2025,600.0,34170.0,2848.0,0.21,4.75,2248.0
E07000011,Huntingdonshire,2019,480.0,29633.0,2469.0,0.19,5.14,1989.0
E07000011,Huntingdonshire,2020,475.0,30352.0,2529.0,0.19,5.32,2054.0
E07000011,Huntingdonshire,2021,547.5,30097.0,2508.0,0.22,4.58,1960.5
E07000011,Huntingdonshire,2022,595.0,31891.0,2658.0,0.22,4.47,2063.0
E07000011,Huntingdonshire,2023,628.5,35423.0,2952.0,0.21,4.7,2323.5
E07000011,Huntingdonshire,2024,666.0,37098.0,3092.0,0.22,4.64,2426.0
E07000011,Huntingdonshire,2025,711.5,38019.0,3168.0,0.22,4.45,2456.5
E07000012,South Cambridgeshire,2019,650.0,37136.0,3095.0,0.21,4.76,2445.0
E07000012,South Cambridgeshire,2020,650.0,36867.0,3072.0,0.21,4.73,2422.0
E07000012,South Cambridgeshire,2021,680.0,36936.0,3078.0,0.22,4.53,2398.0
E07000012,South Cambridgeshire,2022,750.0,39844.0,3320.0,0.23,4.43,2570.0
E07000012,South Cambridgeshire,2023,839.0,41026.0,3419.0,0.25,4.08,2580.0
E07000012,South Cambridgeshire,2024,904.0,44137.0,3678.0,0.25,4.07,2774.0
E07000012,South Cambridgeshire,2025,969.5,48916.0,4076.0,0.24,4.2,3106.5
E07000032,Amber Valley,2019,314.0,29430.0,2452.0,0.13,7.81,2138.0
E07000032,Amber Valley,2020,425.0,29375.0,2448.0,0.17,5.76,2023.0
E07000032,Amber Valley,2021,440.0,31022.0,2585.0,0.17,5.88,2145.0
E07000032,Amber Valley,2022,465.0,29266.0,2439.0,0.19,5.25,1974.0
E07000032,Amber Valley,2023,476.5,33092.0,2758.0,0.17,5.79,2281.5
E07000032,Amber Valley,2024,512.5,35794.0,2983.0,0.17,5.82,2470.5
E07000032,Amber Valley,2025,559.5,37756.0,3146.0,0.18,5.62,2586.5
E07000033,Bolsover,2019,359.0,23982.0,1998.0,0.18,5.57,1639.0
E07000033,Bolsover,2020,360.0,27655.0,2305.0,0.16,6.4,1945.0
E07000033,Bolsover,2021,450.0,25087.0,2091.0,0.22,4.65,1641.0
E07000033,Bolsover,2022,465.0,25806.0,2150.0,0.22,4.62,1685.0
E07000033,Bolsover,2023,406.0,,,,,
E07000033,Bolsover,2024,431.0,31852.0,2654.0,0.16,6.16,2223.0
E07000033,Bolsover,2025,470.5,32897.0,2741.0,0.17,5.83,2270.5
E07000034,Chesterfield,2019,350.0,26966.0,2247.0,0.16,6.42,1897.0
E07000034,Chesterfield,2020,400.0,27521.0,2293.0,0.17,5.73,1893.0
E07000034,Chesterfield,2021,450.0,27422.0,2285.0,0.2,5.08,1835.0
E07000034,Chesterfield,2022,481.5,28735.0,2395.0,0.2,4.97,1913.5
E07000034,Chesterfield,2023,435.5,29267.0,2439.0,0.18,5.6,2003.5
E07000034,Chesterfield,2024,484.0,32362.0,2697.0,0.18,5.57,2213.0
E07000034,Chesterfield,2025,521.0,35920.0,2993.0,0.17,5.74,2472.0
E07000035,Derbyshire Dales,2019,463.0,27749.0,2312.0,0.2,4.99,1849.0
E07000035,Derbyshire Dales,2020,478.0,25940.0,2162.0,0.22,4.52,1684.0
E07000035,Derbyshire Dales,2021,450.0,27761.0,2313.0,0.19,5.14,1863.0
E07000035,Derbyshire Dales,2022,530.0,31457.0,2621.0,0.2,4.95,2091.0
E07000035,Derbyshire Dales,2023,513.5,30181.0,2515.0,0.2,4.9,2001.5
E07000035,Derbyshire Dales,2024,552.0,39121.0,3260.0,0.17,5.91,2708.0
E07000035,Derbyshire Dales,2025,546.0,43071.0,3589.0,0.15,6.57,3043.0
E07000036,Erewash,2019,405.0,25874.0,2156.0,0.19,5.32,1751.0
E07000036,Erewash,2020,472.5,27342.0,2278.0,0.21,4.82,1805.5
E07000036,Erewash,2021,465.0,29420.0,2452.0,0.19,5.27,1987.0
E07000036,Erewash,2022,438.0,31382.0,2615.0,0.17,5.97,2177.0
E07000036,Erewash,2023,492.0,33724.0,2810.0,0.18,5.71,2318.0
E07000036,Erewash,2024,539.0,35293.0,2941.0,0.18,5.46,2402.0
E07000036,Erewash,2025,587.0,36290.0,3024.0,0.19,5.15,2437.0
E07000037,High Peak,2019,380.0,25609.0,2134.0,0.18,5.62,1754.0
E07000037,High Peak,2020,406.5,26750.0,2229.0,0.18,5.48,1822.5
E07000037,High Peak,2021,422.5,26473.0,2206.0,0.19,5.22,1783.5
E07000037,High Peak,2022,450.0,28898.0,2408.0,0.19,5.35,1958.0
E07000037,High Peak,2023,512.5,29339.0,2445.0,0.21,4.77,1932.5
E07000037,High Peak,2024,564.5,34233.0,2853.0,0.2,5.05,2288.5
E07000037,High Peak,2025,582.0,37184.0,3099.0,0.19,5.32,2517.0
E07000038,North East Derbyshire,2019,400.0,25811.0,2151.0,0.19,5.38,1751.0
E07000038,North East Derbyshire,2020,425.0,26676.0,2223.0,0.19,5.23,1798.0
E07000038,North East Derbyshire,2021,425.0,26829.0,2236.0,0.19,5.26,1811.0
E07000038,North East Derbyshire,2022,445.0,29773.0,2481.0,0.18,5.58,2036.0
E07000038,North East Derbyshire,2023,464.5,28824.0,2402.0,0.19,5.17,1937.5
E07000038,North East Derbyshire,2024,510.5,34834.0,2903.0,0.18,5.69,2392.5
E07000038,North East Derbyshire,2025,542.5,36422.0,3035.0,0.18,5.59,2492.5
E07000039,South Derbyshire,2019,422.5,29886.0,2490.0,0.17,5.89,2067.5
E07000039,South Derbyshire,2020,450.0,29507.0,2459.0,0.18,5.46,2009.0
E07000039,South Derbyshire,2021,475.0,29962.0,2497.0,0.19,5.26,2022.0
E07000039,South Derbyshire,2022,487.5,32235.0,2686.0,0.18,5.51,2198.5
E07000039,South Derbyshire,2023,496.5,33848.0,2821.0,0.18,5.68,2324.5
E07000039,South Derbyshire,2024,540.5,37767.0,3147.0,0.17,5.82,2606.5
E07000039,South Derbyshire,2025,581.5,41520.0,3460.0,0.17,5.95,2878.5
E07000040,East Devon,2019,412.0,26044.0,2170.0,0.19,5.27,1758.0
E07000040,East Devon,2020,489.0,28069.0,2339.0,0.21,4.78,1850.0
E07000040,East Devon,2021,505.0,29186.0,2432.0,0.21,4.82,1927.0
E07000040,East Devon,2022,440.0,,,,,
E07000040,East Devon,2023,562.0,33614.0,2801.0,0.2,4.98,2239.0
E07000040,East Devon,2024,620.5,39390.0,3282.0,0.19,5.29,2661.5
E07000040,East Devon,2025,641.5,40087.0,3341.0,0.19,5.21,2699.5
E07000041,Exeter,2019,500.0,29590.0,2466.0,0.2,4.93,1966.0
E07000041,Exeter,2020,585.0,29863.0,2489.0,0.24,4.25,1904.0
E07000041,Exeter,2021,595.0,29860.0,2488.0,0.24,4.18,1893.0
E07000041,Exeter,2022,625.0,31860.0,2655.0,0.24,4.25,2030.0
E07000041,Exeter,2023,773.0,,,,,
E07000041,Exeter,2024,835.5,35734.0,2978.0,0.28,3.56,2142.5
E07000041,Exeter,2025,900.0,34514.0,2876.0,0.31,3.2,1976.0
E07000042,Mid Devon,2019,385.0,25208.0,2101.0,0.18,5.46,1716.0
E07000042,Mid Devon,2020,400.0,26559.0,2213.0,0.18,5.53,1813.0
E07000042,Mid Devon,2021,395.0,29113.0,2426.0,0.16,6.14,2031.0
E07000042,Mid Devon,2022,425.0,27289.0,2274.0,0.19,5.35,1849.0
E07000042,Mid Devon,2023,558.5,31816.0,2651.0,0.21,4.75,2092.5
E07000042,Mid Devon,2024,597.0,35941.0,2995.0,0.2,5.02,2398.0
E07000042,Mid Devon,2025,627.0,36994.0,3083.0,0.2,4.92,2456.0
E07000043,North Devon,2019,368.0,24319.0,2027.0,0.18,5.51,1659.0
E07000043,North Devon,2020,380.0,25063.0,2089.0,0.18,5.5,1709.0
E07000043,North Devon,2021,399.0,26646.0,2220.0,0.18,5.56,1821.0
E07000043,North Devon,2022,443.0,29042.0,2420.0,0.18,5.46,1977.0
E07000043,North Devon,2023,511.0,,,,,
E07000043,North Devon,2024,542.5,31513.0,2626.0,0.21,4.84,2083.5
E07000043,North Devon,2025,586.5,32682.0,2724.0,0.22,4.64,2137.5
E07000044,South Hams,2019,488.0,24792.0,2066.0,0.24,4.23,1578.0
E07000044,South Hams,2020,563.0,26777.0,2231.0,0.25,3.96,1668.0
E07000044,South Hams,2021,575.0,28132.0,2344.0,0.25,4.08,1769.0
E07000044,South Hams,2022,607.0,29988.0,2499.0,0.24,4.12,1892.0
E07000044,South Hams,2023,639.5,28841.0,2403.0,0.27,3.76,1763.5
E07000044,South Hams,2024,673.0,36012.0,3001.0,0.22,4.46,2328.0
E07000044,South Hams,2025,709.0,38638.0,3220.0,0.22,4.54,2511.0
E07000045,Teignbridge,2019,400.0,23440.0,1953.0,0.2,4.88,1553.0
E07000045,Teignbridge,2020,502.0,24498.0,2042.0,0.25,4.07,1540.0
E07000045,Teignbridge,2021,536.0,24546.0,2046.0,0.26,3.82,1510.0
E07000045,Teignbridge,2022,550.0,27781.0,2315.0,0.24,4.21,1765.0
E07000045,Teignbridge,2023,576.0,27530.0,2294.0,0.25,3.98,1718.0
E07000045,Teignbridge,2024,596.0,32498.0,2708.0,0.22,4.54,2112.0
E07000045,Teignbridge,2025,628.0,35410.0,2951.0,0.21,4.7,2323.0
E07000046,Torridge,2019,390.0,,,,,
E07000046,Torridge,2020,400.0,24528.0,2044.0,0.2,5.11,1644.0
E07000046,Torridge,2021,430.0,25756.0,2146.0,0.2,4.99,1716.0
E07000046,Torridge,2022,442.5,27243.0,2270.0,0.19,5.13,1827.5
E07000046,Torridge,2023,493.0,29592.0,2466.0,0.2,5.0,1973.0
E07000046,Torridge,2024,519.0,32034.0,2670.0,0.19,5.14,2151.0
E07000046,Torridge,2025,549.0,34425.0,2869.0,0.19,5.23,2320.0
E07000047,West Devon,2019,409.0,23070.0,1922.0,0.21,4.7,1513.0
E07000047,West Devon,2020,496.0,29603.0,2467.0,0.2,4.97,1971.0
E07000047,West Devon,2021,525.0,22886.0,1907.0,0.28,3.63,1382.0
E07000047,West Devon,2022,445.0,29024.0,2419.0,0.18,5.44,1974.0
E07000047,West Devon,2023,504.0,30305.0,2525.0,0.2,5.01,2021.0
E07000047,West Devon,2024,559.5,33677.0,2806.0,0.2,5.02,2246.5
E07000047,West Devon,2025,586.0,38638.0,3220.0,0.18,5.49,2634.0
E07000061,Eastbourne,2019,495.0,30013.0,2501.0,0.2,5.05,2006.0
E07000061,Eastbourne,2020,510.0,27526.0,2294.0,0.22,4.5,1784.0
E07000061,Eastbourne,2021,550.0,28970.0,2414.0,0.23,4.39,1864.0
E07000061,Eastbourne,2022,575.0,29278.0,2440.0,0.24,4.24,1865.0
E07000061,Eastbourne,2023,720.5,31635.0,2636.0,0.27,3.66,1915.5
E07000061,Eastbourne,2024,766.5,35859.0,2988.0,0.26,3.9,2221.5
E07000061,Eastbourne,2025,807.0,37236.0,3103.0,0.26,3.85,2296.0
E07000062,Hastings,2019,415.0,24031.0,2003.0,0.21,4.83,1588.0
E07000062,Hastings,2020,425.0,24936.0,2078.0,0.2,4.89,1653.0
E07000062,Hastings,2021,450.0,25046.0,2087.0,0.22,4.64,1637.0
E07000062,Hastings,2022,500.0,26006.0,2167.0,0.23,4.33,1667.0
E07000062,Hastings,2023,598.0,26175.0,2181.0,0.27,3.65,1583.0
E07000062,Hastings,2024,639.0,33238.0,2770.0,0.23,4.33,2131.0
E07000062,Hastings,2025,683.5,34714.0,2893.0,0.24,4.23,2209.5
E07000063,Lewes,2019,637.5,29355.0,2446.0,0.26,3.84,1808.5
E07000063,Lewes,2020,640.0,28243.0,2354.0,0.27,3.68,1714.0
E07000063,Lewes,2021,669.0,31553.0,2629.0,0.25,3.93,1960.0
E07000063,Lewes,2022,700.0,31318.0,2610.0,0.27,3.73,1910.0
E07000063,Lewes,2023,815.5,,,,,
E07000063,Lewes,2024,844.0,35474.0,2956.0,0.29,3.5,2112.0
E07000063,Lewes,2025,863.5,40807.0,3401.0,0.25,3.94,2537.5
E07000064,Rother,2019,455.0,23567.0,1964.0,0.23,4.32,1509.0
E07000064,Rother,2020,455.0,24185.0,2015.0,0.23,4.43,1560.0
E07000064,Rother,2021,475.0,25355.0,2113.0,0.22,4.45,1638.0
E07000064,Rother,2022,500.0,28697.0,2391.0,0.21,4.78,1891.0
E07000064,Rother,2023,704.0,29417.0,2451.0,0.29,3.48,1747.0
E07000064,Rother,2024,742.5,35317.0,2943.0,0.25,3.96,2200.5
E07000064,Rother,2025,792.0,36197.0,3016.0,0.26,3.81,2224.0
E07000065,Wealden,2019,550.0,26999.0,2250.0,0.24,4.09,1700.0
E07000065,Wealden,2020,530.0,28308.0,2359.0,0.22,4.45,1829.0
E07000065,Wealden,2021,609.0,27011.0,2251.0,0.27,3.7,1642.0
E07000065,Wealden,2022,687.5,28689.0,2391.0,0.29,3.48,1703.5
E07000065,Wealden,2023,807.0,30908.0,2576.0,0.31,3.19,1769.0
E07000065,Wealden,2024,860.0,36625.0,3052.0,0.28,3.55,2192.0
E07000065,Wealden,2025,879.0,43589.0,3632.0,0.24,4.13,2753.0
E07000066,Basildon,2019,595.0,31429.0,2619.0,0.23,4.4,2024.0
E07000066,Basildon,2020,583.0,31153.0,2596.0,0.22,4.45,2013.0
E07000066,Basildon,2021,625.0,32834.0,2736.0,0.23,4.38,2111.0
E07000066,Basildon,2022,650.0,30685.0,2557.0,0.25,3.93,1907.0
E07000066,Basildon,2023,807.5,33788.0,2816.0,0.29,3.49,2008.5
E07000066,Basildon,2024,863.0,40747.0,3396.0,0.25,3.94,2533.0
E07000066,Basildon,2025,922.0,39734.0,3311.0,0.28,3.59,2389.0
E07000067,Braintree,2019,450.0,28359.0,2363.0,0.19,5.25,1913.0
E07000067,Braintree,2020,537.5,29552.0,2463.0,0.22,4.58,1925.5
E07000067,Braintree,2021,619.0,28418.0,2368.0,0.26,3.83,1749.0
E07000067,Braintree,2022,495.0,31978.0,2665.0,0.19,5.38,2170.0
E07000067,Braintree,2023,700.5,32396.0,2700.0,0.26,3.85,1999.5
E07000067,Braintree,2024,764.5,40290.0,3358.0,0.23,4.39,2593.5
E07000067,Braintree,2025,827.0,39712.0,3309.0,0.25,4.0,2482.0
E07000068,Brentwood,2019,737.5,33040.0,2753.0,0.27,3.73,2015.5
E07000068,Brentwood,2020,750.0,,,,,
E07000068,Brentwood,2021,650.0,30416.0,2535.0,0.26,3.9,1885.0
E07000068,Brentwood,2022,750.0,34818.0,2902.0,0.26,3.87,2152.0
E07000068,Brentwood,2023,962.5,39820.0,3318.0,0.29,3.45,2355.5
E07000068,Brentwood,2024,1037.0,50062.0,4172.0,0.25,4.02,3135.0
E07000068,Brentwood,2025,1082.0,47494.0,3958.0,0.27,3.66,2876.0
E07000069,Castle Point,2019,695.0,27846.0,2320.0,0.3,3.34,1625.0
E07000069,Castle Point,2020,700.0,27129.0,2261.0,0.31,3.23,1561.0
E07000069,Castle Point,2021,706.5,,,,,
E07000069,Castle Point,2022,830.0,28879.0,2407.0,0.34,2.9,1577.0
E07000069,Castle Point,2023,776.0,31924.0,2660.0,0.29,3.43,1884.0
E07000069,Castle Point,2024,830.0,40149.0,3346.0,0.25,4.03,2516.0
E07000069,Castle Point,2025,891.5,41745.0,3479.0,0.26,3.9,2587.5
E07000070,Chelmsford,2019,550.0,30815.0,2568.0,0.21,4.67,2018.0
E07000070,Chelmsford,2020,585.0,32330.0,2694.0,0.22,4.61,2109.0
E07000070,Chelmsford,2021,610.0,31913.0,2659.0,0.23,4.36,2049.0
E07000070,Chelmsford,2022,625.0,31511.0,2626.0,0.24,4.2,2001.0
E07000070,Chelmsford,2023,849.5,34514.0,2876.0,0.3,3.39,2026.5
E07000070,Chelmsford,2024,917.0,39812.0,3318.0,0.28,3.62,2401.0
E07000070,Chelmsford,2025,1018.0,46179.0,3848.0,0.26,3.78,2830.0
E07000071,Colchester,2019,495.0,28739.0,2395.0,0.21,4.84,1900.0
E07000071,Colchester,2020,535.0,28704.0,2392.0,0.22,4.47,1857.0
E07000071,Colchester,2021,525.0,29098.0,2425.0,0.22,4.62,1900.0
E07000071,Colchester,2022,550.0,31366.0,2614.0,0.21,4.75,2064.0
E07000071,Colchester,2023,660.5,34468.0,2872.0,0.23,4.35,2211.5
E07000071,Colchester,2024,711.5,38868.0,3239.0,0.22,4.55,2527.5
E07000071,Colchester,2025,796.5,39353.0,3279.0,0.24,4.12,2482.5
E07000072,Epping Forest,2019,800.0,32911.0,2743.0,0.29,3.43,1943.0
E07000072,Epping Forest,2020,900.0,32526.0,2710.0,0.33,3.01,1810.0
E07000072,Epping Forest,2021,825.0,32497.0,2708.0,0.3,3.28,1883.0
E07000072,Epping Forest,2022,775.0,33045.0,2754.0,0.28,3.55,1979.0
E07000072,Epping Forest,2023,984.5,37078.0,3090.0,0.32,3.14,2105.5
E07000072,Epping Forest,2024,1041.0,46700.0,3892.0,0.27,3.74,2851.0
E07000072,Epping Forest,2025,1155.5,45618.0,3802.0,0.3,3.29,2646.5
E07000073,Harlow,2019,625.0,31061.0,2588.0,0.24,4.14,1963.0
E07000073,Harlow,2020,696.5,31063.0,2589.0,0.27,3.72,1892.5
E07000073,Harlow,2021,699.0,28100.0,2342.0,0.3,3.35,1643.0
E07000073,Harlow,2022,650.0,29692.0,2474.0,0.26,3.81,1824.0
E07000073,Harlow,2023,796.5,32121.0,2677.0,0.3,3.36,1880.5
E07000073,Harlow,2024,873.5,35177.0,2931.0,0.3,3.36,2057.5
E07000073,Harlow,2025,973.0,38380.0,3198.0,0.3,3.29,2225.0
E07000074,Maldon,2019,587.5,26830.0,2236.0,0.26,3.81,1648.5
E07000074,Maldon,2020,600.0,27397.0,2283.0,0.26,3.8,1683.0
E07000074,Maldon,2021,630.0,26586.0,2216.0,0.28,3.52,1586.0
E07000074,Maldon,2022,703.0,29935.0,2495.0,0.28,3.55,1792.0
E07000074,Maldon,2023,655.5,31321.0,2610.0,0.25,3.98,1954.5
E07000074,Maldon,2024,700.5,,,,,
E07000074,Maldon,2025,762.0,43385.0,3615.0,0.21,4.74,2853.0
E07000075,Rochford,2019,575.0,32250.0,2688.0,0.21,4.67,2113.0
E07000075,Rochford,2020,500.0,28591.0,2383.0,0.21,4.77,1883.0
E07000075,Rochford,2021,550.0,29715.0,2476.0,0.22,4.5,1926.0
E07000075,Rochford,2022,666.5,31454.0,2621.0,0.25,3.93,1954.5
E07000075,Rochford,2023,757.5,34485.0,2874.0,0.26,3.79,2116.5
E07000075,Rochford,2024,793.5,44067.0,3672.0,0.22,4.63,2878.5
E07000075,Rochford,2025,842.5,44750.0,3729.0,0.23,4.43,2886.5
E07000076,Tendring,2019,492.5,27212.0,2268.0,0.22,4.61,1775.5
E07000076,Tendring,2020,501.5,28173.0,2348.0,0.21,4.68,1846.5
E07000076,Tendring,2021,595.0,28014.0,2334.0,0.25,3.92,1739.0
E07000076,Tendring,2022,499.0,,,,,
E07000076,Tendring,2023,605.5,33004.0,2750.0,0.22,4.54,2144.5
E07000076,Tendring,2024,652.5,36886.0,3074.0,0.21,4.71,2421.5
E07000076,Tendring,2025,719.5,39799.0,3317.0,0.22,4.61,2597.5
E07000077,Uttlesford,2019,575.0,30932.0,2578.0,0.22,4.48,2003.0
E07000077,Uttlesford,2020,725.0,32386.0,2699.0,0.27,3.72,1974.0
E07000077,Uttlesford,2021,687.5,32533.0,2711.0,0.25,3.94,2023.5
E07000077,Uttlesford,2022,710.0,34299.0,2858.0,0.25,4.03,2148.0
E07000077,Uttlesford,2023,753.5,37685.0,3140.0,0.24,4.17,2386.5
E07000077,Uttlesford,2024,826.5,47268.0,3939.0,0.21,4.77,3112.5
E07000077,Uttlesford,2025,895.5,,,,,
E07000078,Cheltenham,2019,450.0,30936.0,2578.0,0.17,5.73,2128.0
E07000078,Cheltenham,2020,465.0,30200.0,2517.0,0.18,5.41,2052.0
E07000078,Cheltenham,2021,498.0,29438.0,2453.0,0.2,4.93,1955.0
E07000078,Cheltenham,2022,525.0,33029.0,2752.0,0.19,5.24,2227.0
E07000078,Cheltenham,2023,704.0,36409.0,3034.0,0.23,4.31,2330.0
E07000078,Cheltenham,2024,775.5,40010.0,3334.0,0.23,4.3,2558.5
E07000078,Cheltenham,2025,831.0,41399.0,3450.0,0.24,4.15,2619.0
E07000079,Cotswold,2019,564.0,,,,,
E07000079,Cotswold,2020,596.5,25697.0,2141.0,0.28,3.59,1544.5
E07000079,Cotswold,2021,540.0,26243.0,2187.0,0.25,4.05,1647.0
E07000079,Cotswold,2022,538.0,29621.0,2468.0,0.22,4.59,1930.0
E07000079,Cotswold,2023,749.5,29528.0,2461.0,0.3,3.28,1711.5
E07000079,Cotswold,2024,792.0,40702.0,3392.0,0.23,4.28,2600.0
E07000079,Cotswold,2025,815.0,41267.0,3439.0,0.24,4.22,2624.0
E07000080,Forest of Dean,2019,425.0,24338.0,2028.0,0.21,4.77,1603.0
E07000080,Forest of Dean,2020,407.5,,,,,
E07000080,Forest of Dean,2021,450.0,25980.0,2165.0,0.21,4.81,1715.0
E07000080,Forest of Dean,2022,495.0,31044.0,2587.0,0.19,5.23,2092.0
E07000080,Forest of Dean,2023,501.0,30099.0,2508.0,0.2,5.01,2007.0
E07000080,Forest of Dean,2024,531.0,37476.0,3123.0,0.17,5.88,2592.0
E07000080,Forest of Dean,2025,587.0,42326.0,3527.0,0.17,6.01,2940.0
E07000081,Gloucester,2019,445.0,29168.0,2431.0,0.18,5.46,1986.0
E07000081,Gloucester,2020,415.0,29917.0,2493.0,0.17,6.01,2078.0
E07000081,Gloucester,2021,450.0,29840.0,2487.0,0.18,5.53,2037.0
E07000081,Gloucester,2022,522.5,30155.0,2513.0,0.21,4.81,1990.5
E07000081,Gloucester,2023,598.5,32924.0,2744.0,0.22,4.58,2145.5
E07000081,Gloucester,2024,615.0,34412.0,2868.0,0.21,4.66,2253.0
E07000081,Gloucester,2025,690.0,34617.0,2885.0,0.24,4.18,2195.0
E07000082,Stroud,2019,438.0,30738.0,2562.0,0.17,5.85,2124.0
E07000082,Stroud,2020,487.5,32579.0,2715.0,0.18,5.57,2227.5
E07000082,Stroud,2021,458.0,30631.0,2553.0,0.18,5.57,2095.0
E07000082,Stroud,2022,550.0,32364.0,2697.0,0.2,4.9,2147.0
E07000082,Stroud,2023,609.0,35847.0,2987.0,0.2,4.9,2378.0
E07000082,Stroud,2024,656.0,35960.0,2997.0,0.22,4.57,2341.0
E07000082,Stroud,2025,697.5,38608.0,3217.0,0.22,4.61,2519.5
E07000083,Tewkesbury,2019,438.0,34010.0,2834.0,0.15,6.47,2396.0
E07000083,Tewkesbury,2020,425.0,33168.0,2764.0,0.15,6.5,2339.0
E07000083,Tewkesbury,2021,490.0,32643.0,2720.0,0.18,5.55,2230.0
E07000083,Tewkesbury,2022,487.5,34653.0,2888.0,0.17,5.92,2400.5
E07000083,Tewkesbury,2023,565.0,35573.0,2964.0,0.19,5.25,2399.0
E07000083,Tewkesbury,2024,615.0,37024.0,3085.0,0.2,5.02,2470.0
E07000083,Tewkesbury,2025,652.5,39236.0,3270.0,0.2,5.01,2617.5
E07000084,Basingstoke and Deane,2019,575.0,36209.0,3017.0,0.19,5.25,2442.0
E07000084,Basingstoke and Deane,2020,585.0,35570.0,2964.0,0.2,5.07,2379.0
E07000084,Basingstoke and Deane,2021,600.0,36221.0,3018.0,0.2,5.03,2418.0
E07000084,Basingstoke and Deane,2022,500.0,38273.0,3189.0,0.16,6.38,2689.0
E07000084,Basingstoke and Deane,2023,760.0,38432.0,3203.0,0.24,4.21,2443.0
E07000084,Basingstoke and Deane,2024,834.0,43266.0,3606.0,0.23,4.32,2772.0
E07000084,Basingstoke and Deane,2025,906.0,44809.0,3734.0,0.24,4.12,2828.0
E07000085,East Hampshire,2019,572.5,27979.0,2332.0,0.25,4.07,1759.5
E07000085,East Hampshire,2020,592.5,29656.0,2471.0,0.24,4.17,1878.5
E07000085,East Hampshire,2021,590.0,28504.0,2375.0,0.25,4.03,1785.0
E07000085,East Hampshire,2022,650.0,,,,,
E07000085,East Hampshire,2023,758.5,33133.0,2761.0,0.27,3.64,2002.5
E07000085,East Hampshire,2024,819.0,,,,,
E07000085,East Hampshire,2025,885.0,,,,,
E07000086,Eastleigh,2019,475.0,30214.0,2518.0,0.19,5.3,2043.0
E07000086,Eastleigh,2020,475.0,31072.0,2589.0,0.18,5.45,2114.0
E07000086,Eastleigh,2021,495.0,32906.0,2742.0,0.18,5.54,2247.0
E07000086,Eastleigh,2022,543.0,32696.0,2725.0,0.2,5.02,2182.0
E07000086,Eastleigh,2023,714.0,35289.0,2941.0,0.24,4.12,2227.0
E07000086,Eastleigh,2024,780.0,39964.0,3330.0,0.23,4.27,2550.0
E07000086,Eastleigh,2025,829.5,42461.0,3538.0,0.23,4.27,2708.5
E07000087,Fareham,2019,513.0,32088.0,2674.0,0.19,5.21,2161.0
E07000087,Fareham,2020,540.0,28708.0,2392.0,0.23,4.43,1852.0
E07000087,Fareham,2021,535.0,29645.0,2470.0,0.22,4.62,1935.0
E07000087,Fareham,2022,625.0,32067.0,2672.0,0.23,4.28,2047.0
E07000087,Fareham,2023,704.5,35962.0,2997.0,0.24,4.25,2292.5
E07000087,Fareham,2024,773.0,42278.0,3523.0,0.22,4.56,2750.0
E07000087,Fareham,2025,823.0,43740.0,3645.0,0.23,4.43,2822.0
E07000088,Gosport,2019,545.0,26714.0,2226.0,0.24,4.08,1681.0
E07000088,Gosport,2020,518.0,31648.0,2637.0,0.2,5.09,2119.0
E07000088,Gosport,2021,543.0,34953.0,2913.0,0.19,5.36,2370.0
E07000088,Gosport,2022,575.0,29134.0,2428.0,0.24,4.22,1853.0
E07000088,Gosport,2023,648.5,32134.0,2678.0,0.24,4.13,2029.5
E07000088,Gosport,2024,711.0,35236.0,2936.0,0.24,4.13,2225.0
E07000088,Gosport,2025,766.5,37060.0,3088.0,0.25,4.03,2321.5
E07000089,Hart,2019,695.0,36788.0,3066.0,0.23,4.41,2371.0
E07000089,Hart,2020,675.0,38287.0,3191.0,0.21,4.73,2516.0
E07000089,Hart,2021,675.0,37368.0,3114.0,0.22,4.61,2439.0
E07000089,Hart,2022,690.0,38752.0,3229.0,0.21,4.68,2539.0
E07000089,Hart,2023,834.5,38631.0,3219.0,0.26,3.86,2384.5
E07000089,Hart,2024,934.0,48730.0,4061.0,0.23,4.35,3127.0
E07000089,Hart,2025,987.5,46502.0,3875.0,0.25,3.92,2887.5
E07000090,Havant,2019,575.0,26925.0,2244.0,0.26,3.9,1669.0
E07000090,Havant,2020,513.0,28759.0,2397.0,0.21,4.67,1884.0
E07000090,Havant,2021,510.0,30273.0,2523.0,0.2,4.95,2013.0
E07000090,Havant,2022,611.5,30618.0,2552.0,0.24,4.17,1940.5
E07000090,Havant,2023,710.5,31786.0,2649.0,0.27,3.73,1938.5
E07000090,Havant,2024,778.0,37564.0,3130.0,0.25,4.02,2352.0
E07000090,Havant,2025,824.5,37220.0,3102.0,0.27,3.76,2277.5
E07000091,New Forest,2019,607.0,29328.0,2444.0,0.25,4.03,1837.0
E07000091,New Forest,2020,500.0,31585.0,2632.0,0.19,5.26,2132.0
E07000091,New Forest,2021,602.5,30815.0,2568.0,0.23,4.26,1965.5
E07000091,New Forest,2022,637.5,33193.0,2766.0,0.23,4.34,2128.5
E07000091,New Forest,2023,733.0,34533.0,2878.0,0.25,3.93,2145.0
E07000091,New Forest,2024,786.5,35930.0,2994.0,0.26,3.81,2207.5
E07000091,New Forest,2025,845.5,38571.0,3214.0,0.26,3.8,2368.5
E07000092,Rushmoor,2019,600.0,36979.0,3082.0,0.19,5.14,2482.0
E07000092,Rushmoor,2020,625.0,,,,,
E07000092,Rushmoor,2021,620.0,34320.0,2860.0,0.22,4.61,2240.0
E07000092,Rushmoor,2022,675.0,35207.0,2934.0,0.23,4.35,2259.0
E07000092,Rushmoor,2023,793.5,38505.0,3209.0,0.25,4.04,2415.5
E07000092,Rushmoor,2024,864.5,38652.0,3221.0,0.27,3.73,2356.5
E07000092,Rushmoor,2025,921.0,37883.0,3157.0,0.29,3.43,2236.0
E07000093,Test Valley,2019,555.0,30763.0,2564.0,0.22,4.62,2009.0
E07000093,Test Valley,2020,525.0,31631.0,2636.0,0.2,5.02,2111.0
E07000093,Test Valley,2021,658.0,31856.0,2655.0,0.25,4.03,1997.0
E07000093,Test Valley,2022,700.0,32967.0,2747.0,0.25,3.92,2047.0
E07000093,Test Valley,2023,738.5,35150.0,2929.0,0.25,3.97,2190.5
E07000093,Test Valley,2024,788.5,38768.0,3231.0,0.24,4.1,2442.5
E07000093,Test Valley,2025,814.5,40576.0,3381.0,0.24,4.15,2566.5
E07000094,Winchester,2019,625.0,32056.0,2671.0,0.23,4.27,2046.0
E07000094,Winchester,2020,625.0,34043.0,2837.0,0.22,4.54,2212.0
E07000094,Winchester,2021,638.0,33592.0,2799.0,0.23,4.39,2161.0
E07000094,Winchester,2022,675.0,34557.0,2880.0,0.23,4.27,2205.0
E07000094,Winchester,2023,822.5,37192.0,3099.0,0.27,3.77,2276.5
E07000094,Winchester,2024,908.0,,,,,
E07000094,Winchester,2025,973.0,,,,,
E07000095,Broxbourne,2019,725.0,30927.0,2577.0,0.28,3.55,1852.0
E07000095,Broxbourne,2020,813.0,29980.0,2498.0,0.33,3.07,1685.0
E07000095,Broxbourne,2021,787.5,34864.0,2905.0,0.27,3.69,2117.5
E07000095,Broxbourne,2022,800.0,34559.0,2880.0,0.28,3.6,2080.0
E07000095,Broxbourne,2023,890.5,35502.0,2958.0,0.3,3.32,2067.5
E07000095,Broxbourne,2024,938.0,41051.0,3421.0,0.27,3.65,2483.0
E07000095,Broxbourne,2025,1094.0,46237.0,3853.0,0.28,3.52,2759.0
E07000096,Dacorum,2019,695.0,30798.0,2566.0,0.27,3.69,1871.0
E07000096,Dacorum,2020,762.5,32868.0,2739.0,0.28,3.59,1976.5
E07000096,Dacorum,2021,850.0,30994.0,2583.0,0.33,3.04,1733.0
E07000096,Dacorum,2022,725.0,30648.0,2554.0,0.28,3.52,1829.0
E07000096,Dacorum,2023,929.0,33118.0,2760.0,0.34,2.97,1831.0
E07000096,Dacorum,2024,990.5,41116.0,3426.0,0.29,3.46,2435.5
E07000096,Dacorum,2025,1082.5,44485.0,3707.0,0.29,3.42,2624.5
E07000098,Hertsmere,2019,831.5,31295.0,2608.0,0.32,3.14,1776.5
E07000098,Hertsmere,2020,872.0,,,,,
E07000098,Hertsmere,2021,856.5,34123.0,2844.0,0.3,3.32,1987.5
E07000098,Hertsmere,2022,875.0,37392.0,3116.0,0.28,3.56,2241.0
E07000098,Hertsmere,2023,1050.0,,,,,
E07000098,Hertsmere,2024,1109.0,42323.0,3527.0,0.31,3.18,2418.0
E07000098,Hertsmere,2025,1204.0,43813.0,3651.0,0.33,3.03,2447.0
E07000099,North Hertfordshire,2019,563.0,34299.0,2858.0,0.2,5.08,2295.0
E07000099,North Hertfordshire,2020,550.0,32994.0,2750.0,0.2,5.0,2200.0
E07000099,North Hertfordshire,2021,625.0,35162.0,2930.0,0.21,4.69,2305.0
E07000099,North Hertfordshire,2022,650.0,,,,,
E07000099,North Hertfordshire,2023,816.0,37901.0,3158.0,0.26,3.87,2342.0
E07000099,North Hertfordshire,2024,911.5,45934.0,3828.0,0.24,4.2,2916.5
E07000099,North Hertfordshire,2025,968.5,49224.0,4102.0,0.24,4.24,3133.5
E07000102,Three Rivers,2019,825.0,34022.0,2835.0,0.29,3.44,2010.0
E07000102,Three Rivers,2020,894.0,29689.0,2474.0,0.36,2.77,1580.0
E07000102,Three Rivers,2021,875.0,35015.0,2918.0,0.3,3.33,2043.0
E07000102,Three Rivers,2022,897.5,,,,,
E07000102,Three Rivers,2023,1055.0,46735.0,3895.0,0.27,3.69,2840.0
E07000102,Three Rivers,2024,1136.0,46109.0,3842.0,0.3,3.38,2706.0
E07000102,Three Rivers,2025,1234.5,43980.0,3665.0,0.34,2.97,2430.5
E07000103,Watford,2019,703.0,30448.0,2537.0,0.28,3.61,1834.0
E07000103,Watford,2020,750.0,31719.0,2643.0,0.28,3.52,1893.0
E07000103,Watford,2021,778.0,32059.0,2672.0,0.29,3.43,1894.0
E07000103,Watford,2022,800.0,28699.0,2392.0,0.33,2.99,1592.0
E07000103,Watford,2023,1044.0,33042.0,2754.0,0.38,2.64,1710.0
E07000103,Watford,2024,1152.5,42814.0,3568.0,0.32,3.1,2415.5
E07000103,Watford,2025,1215.5,43219.0,3602.0,0.34,2.96,2386.5
E07000105,Ashford,2019,500.0,30025.0,2502.0,0.2,5.0,2002.0
E07000105,Ashford,2020,500.0,28912.0,2409.0,0.21,4.82,1909.0
E07000105,Ashford,2021,513.0,29703.0,2475.0,0.21,4.82,1962.0
E07000105,Ashford,2022,595.0,32177.0,2681.0,0.22,4.51,2086.0
E07000105,Ashford,2023,717.5,31382.0,2615.0,0.27,3.64,1897.5
E07000105,Ashford,2024,790.0,35671.0,2973.0,0.27,3.76,2183.0
E07000105,Ashford,2025,858.5,37440.0,3120.0,0.28,3.63,2261.5
E07000106,Canterbury,2019,550.0,28202.0,2350.0,0.23,4.27,1800.0
E07000106,Canterbury,2020,523.0,27891.0,2324.0,0.23,4.44,1801.0
E07000106,Canterbury,2021,550.0,26515.0,2210.0,0.25,4.02,1660.0
E07000106,Canterbury,2022,650.0,33116.0,2760.0,0.24,4.25,2110.0
E07000106,Canterbury,2023,738.0,31597.0,2633.0,0.28,3.57,1895.0
E07000106,Canterbury,2024,776.0,35982.0,2998.0,0.26,3.86,2222.0
E07000106,Canterbury,2025,825.5,37682.0,3140.0,0.26,3.8,2314.5
E07000107,Dartford,2019,680.0,33755.0,2813.0,0.24,4.14,2133.0
E07000107,Dartford,2020,677.5,36643.0,3054.0,0.22,4.51,2376.5
E07000107,Dartford,2021,683.0,36887.0,3074.0,0.22,4.5,2391.0
E07000107,Dartford,2022,775.0,37959.0,3163.0,0.25,4.08,2388.0
E07000107,Dartford,2023,877.5,36768.0,3064.0,0.29,3.49,2186.5
E07000107,Dartford,2024,968.5,43351.0,3613.0,0.27,3.73,2644.5
E07000107,Dartford,2025,1051.5,44091.0,3674.0,0.29,3.49,2622.5
E07000108,Dover,2019,425.0,30463.0,2539.0,0.17,5.97,2114.0
E07000108,Dover,2020,470.0,35105.0,2925.0,0.16,6.22,2455.0
E07000108,Dover,2021,425.0,30258.0,2522.0,0.17,5.93,2097.0
E07000108,Dover,2022,500.0,31363.0,2614.0,0.19,5.23,2114.0
E07000108,Dover,2023,567.5,,,,,
E07000108,Dover,2024,614.5,38960.0,3247.0,0.19,5.28,2632.5
E07000108,Dover,2025,668.5,40142.0,3345.0,0.2,5.0,2676.5
E07000109,Gravesham,2019,595.0,33644.0,2804.0,0.21,4.71,2209.0
E07000109,Gravesham,2020,575.0,34685.0,2890.0,0.2,5.03,2315.0
E07000109,Gravesham,2021,600.0,29921.0,2493.0,0.24,4.16,1893.0
E07000109,Gravesham,2022,650.0,34527.0,2877.0,0.23,4.43,2227.0
E07000109,Gravesham,2023,723.5,39843.0,3320.0,0.22,4.59,2596.5
E07000109,Gravesham,2024,782.5,37993.0,3166.0,0.25,4.05,2383.5
E07000109,Gravesham,2025,852.0,42199.0,3517.0,0.24,4.13,2665.0
E07000110,Maidstone,2019,550.0,29933.0,2494.0,0.22,4.53,1944.0
E07000110,Maidstone,2020,555.0,30742.0,2562.0,0.22,4.62,2007.0
E07000110,Maidstone,2021,550.0,31079.0,2590.0,0.21,4.71,2040.0
E07000110,Maidstone,2022,650.0,30535.0,2545.0,0.26,3.92,1895.0
E07000110,Maidstone,2023,732.5,30730.0,2561.0,0.29,3.5,1828.5
E07000110,Maidstone,2024,815.0,35948.0,2996.0,0.27,3.68,2181.0
E07000110,Maidstone,2025,883.5,38191.0,3183.0,0.28,3.6,2299.5
E07000111,Sevenoaks,2019,750.0,29572.0,2464.0,0.3,3.29,1714.0
E07000111,Sevenoaks,2020,774.0,33379.0,2782.0,0.28,3.59,2008.0
E07000111,Sevenoaks,2021,775.0,30037.0,2503.0,0.31,3.23,1728.0
E07000111,Sevenoaks,2022,781.5,30151.0,2513.0,0.31,3.22,1731.5
E07000111,Sevenoaks,2023,1061.0,31669.0,2639.0,0.4,2.49,1578.0
E07000111,Sevenoaks,2024,1127.5,45642.0,3804.0,0.3,3.37,2676.5
E07000111,Sevenoaks,2025,1201.0,44581.0,3715.0,0.32,3.09,2514.0
E07000112,Folkestone and Hythe,2019,395.0,27708.0,2309.0,0.17,5.85,1914.0
E07000112,Folkestone and Hythe,2020,495.0,24634.0,2053.0,0.24,4.15,1558.0
E07000112,Folkestone and Hythe,2021,420.0,26824.0,2235.0,0.19,5.32,1815.0
E07000112,Folkestone and Hythe,2022,510.0,31001.0,2583.0,0.2,5.06,2073.0
E07000112,Folkestone and Hythe,2023,572.0,,,,,
E07000112,Folkestone and Hythe,2024,677.0,36368.0,3031.0,0.22,4.48,2354.0
E07000112,Folkestone and Hythe,2025,722.0,38864.0,3239.0,0.22,4.49,2517.0
E07000113,Swale,2019,498.0,27551.0,2296.0,0.22,4.61,1798.0
E07000113,Swale,2020,550.0,26859.0,2238.0,0.25,4.07,1688.0
E07000113,Swale,2021,600.0,27733.0,2311.0,0.26,3.85,1711.0
E07000113,Swale,2022,625.0,27846.0,2320.0,0.27,3.71,1695.0
E07000113,Swale,2023,662.5,31352.0,2613.0,0.25,3.94,1950.5
E07000113,Swale,2024,713.5,38331.0,3194.0,0.22,4.48,2480.5
E07000113,Swale,2025,758.0,38432.0,3203.0,0.24,4.23,2445.0
E07000114,Thanet,2019,423.0,25054.0,2088.0,0.2,4.94,1665.0
E07000114,Thanet,2020,450.0,24368.0,2031.0,0.22,4.51,1581.0
E07000114,Thanet,2021,495.0,24967.0,2081.0,0.24,4.2,1586.0
E07000114,Thanet,2022,540.0,27476.0,2290.0,0.24,4.24,1750.0
E07000114,Thanet,2023,620.0,29404.0,2450.0,0.25,3.95,1830.0
E07000114,Thanet,2024,682.0,37099.0,3092.0,0.22,4.53,2410.0
E07000114,Thanet,2025,737.5,35775.0,2981.0,0.25,4.04,2243.5
E07000115,Tonbridge and Malling,2019,573.0,29677.0,2473.0,0.23,4.32,1900.0
E07000115,Tonbridge and Malling,2020,712.5,,,,,
E07000115,Tonbridge and Malling,2021,663.0,28079.0,2340.0,0.28,3.53,1677.0
E07000115,Tonbridge and Malling,2022,725.0,30920.0,2577.0,0.28,3.55,1852.0
E07000115,Tonbridge and Malling,2023,857.5,32631.0,2719.0,0.32,3.17,1861.5
E07000115,Tonbridge and Malling,2024,915.5,38612.0,3218.0,0.28,3.52,2302.5
E07000115,Tonbridge and Malling,2025,991.0,42752.0,3563.0,0.28,3.6,2572.0
E07000116,Tunbridge Wells,2019,560.0,30429.0,2536.0,0.22,4.53,1976.0
E07000116,Tunbridge Wells,2020,575.0,,,,,
E07000116,Tunbridge Wells,2021,595.0,27843.0,2320.0,0.26,3.9,1725.0
E07000116,Tunbridge Wells,2022,650.0,31685.0,2640.0,0.25,4.06,1990.0
E07000116,Tunbridge Wells,2023,858.0,34285.0,2857.0,0.3,3.33,1999.0
E07000116,Tunbridge Wells,2024,902.5,45058.0,3755.0,0.24,4.16,2852.5
E07000116,Tunbridge Wells,2025,1003.5,47896.0,3991.0,0.25,3.98,2987.5
E07000117,Burnley,2019,359.5,23648.0,1971.0,0.18,5.48,1611.5
E07000117,Burnley,2020,370.0,23598.0,1966.0,0.19,5.31,1596.0
E07000117,Burnley,2021,369.0,23231.0,1936.0,0.19,5.25,1567.0
E07000117,Burnley,2022,390.0,25831.0,2153.0,0.18,5.52,1763.0
E07000117,Burnley,2023,376.5,28160.0,2347.0,0.16,6.23,1970.5
E07000117,Burnley,2024,415.0,31786.0,2649.0,0.16,6.38,2234.0
E07000117,Burnley,2025,447.5,33208.0,2767.0,0.16,6.18,2319.5
E07000118,Chorley,2019,385.5,24874.0,2073.0,0.19,5.38,1687.5
E07000118,Chorley,2020,386.0,27450.0,2288.0,0.17,5.93,1902.0
E07000118,Chorley,2021,425.0,27380.0,2282.0,0.19,5.37,1857.0
E07000118,Chorley,2022,450.0,29506.0,2459.0,0.18,5.46,2009.0
E07000118,Chorley,2023,476.0,29827.0,2486.0,0.19,5.22,2010.0
E07000118,Chorley,2024,515.0,38917.0,3243.0,0.16,6.3,2728.0
E07000118,Chorley,2025,551.0,39350.0,3279.0,0.17,5.95,2728.0
E07000119,Fylde,2019,367.5,36302.0,3025.0,0.12,8.23,2657.5
E07000119,Fylde,2020,372.5,34254.0,2854.0,0.13,7.66,2481.5
E07000119,Fylde,2021,387.5,32837.0,2736.0,0.14,7.06,2348.5
E07000119,Fylde,2022,400.0,31950.0,2662.0,0.15,6.66,2262.0
E07000119,Fylde,2023,493.5,40516.0,3376.0,0.15,6.84,2882.5
E07000119,Fylde,2024,519.0,38133.0,3178.0,0.16,6.12,2659.0
E07000119,Fylde,2025,572.5,44892.0,3741.0,0.15,6.53,3168.5
E07000120,Hyndburn,2019,345.0,27027.0,2252.0,0.15,6.53,1907.0
E07000120,Hyndburn,2020,344.0,29927.0,2494.0,0.14,7.25,2150.0
E07000120,Hyndburn,2021,348.5,25844.0,2154.0,0.16,6.18,1805.5
E07000120,Hyndburn,2022,349.0,30014.0,2501.0,0.14,7.17,2152.0
E07000120,Hyndburn,2023,375.0,29858.0,2488.0,0.15,6.63,2113.0
E07000120,Hyndburn,2024,426.5,31949.0,2662.0,0.16,6.24,2235.5
E07000120,Hyndburn,2025,463.5,34987.0,2916.0,0.16,6.29,2452.5
E07000121,Lancaster,2019,470.0,27325.0,2277.0,0.21,4.84,1807.0
E07000121,Lancaster,2020,475.0,29533.0,2461.0,0.19,5.18,1986.0
E07000121,Lancaster,2021,475.0,28111.0,2343.0,0.2,4.93,1868.0
E07000121,Lancaster,2022,495.0,30183.0,2515.0,0.2,5.08,2020.0
E07000121,Lancaster,2023,479.0,30462.0,2538.0,0.19,5.3,2059.0
E07000121,Lancaster,2024,510.5,33456.0,2788.0,0.18,5.46,2277.5
E07000121,Lancaster,2025,559.0,34890.0,2908.0,0.19,5.2,2349.0
E07000122,Pendle,2019,375.0,24942.0,2078.0,0.18,5.54,1703.0
E07000122,Pendle,2020,397.5,23354.0,1946.0,0.2,4.9,1548.5
E07000122,Pendle,2021,393.5,24355.0,2030.0,0.19,5.16,1636.5
E07000122,Pendle,2022,425.0,25758.0,2146.0,0.2,5.05,1721.0
E07000122,Pendle,2023,398.5,30256.0,2521.0,0.16,6.33,2122.5
E07000122,Pendle,2024,429.5,28944.0,2412.0,0.18,5.62,1982.5
E07000122,Pendle,2025,462.0,30327.0,2527.0,0.18,5.47,2065.0
E07000123,Preston,2019,375.0,27324.0,2277.0,0.16,6.07,1902.0
E07000123,Preston,2020,385.0,26823.0,2235.0,0.17,5.81,1850.0
E07000123,Preston,2021,350.0,28056.0,2338.0,0.15,6.68,1988.0
E07000123,Preston,2022,350.0,30045.0,2504.0,0.14,7.15,2154.0
E07000123,Preston,2023,461.0,29505.0,2459.0,0.19,5.33,1998.0
E07000123,Preston,2024,491.0,36566.0,3047.0,0.16,6.21,2556.0
E07000123,Preston,2025,541.0,37214.0,3101.0,0.17,5.73,2560.0
E07000124,Ribble Valley,2019,450.0,32588.0,2716.0,0.17,6.04,2266.0
E07000124,Ribble Valley,2020,450.0,38291.0,3191.0,0.14,7.09,2741.0
E07000124,Ribble Valley,2021,450.0,38490.0,3208.0,0.14,7.13,2758.0
E07000124,Ribble Valley,2022,495.0,36347.0,3029.0,0.16,6.12,2534.0
E07000124,Ribble Valley,2023,509.0,43092.0,3591.0,0.14,7.06,3082.0
E07000124,Ribble Valley,2024,537.0,40558.0,3380.0,0.16,6.29,2843.0
E07000124,Ribble Valley,2025,572.5,40870.0,3406.0,0.17,5.95,2833.5
E07000125,Rossendale,2019,395.0,23972.0,1998.0,0.2,5.06,1603.0
E07000125,Rossendale,2020,413.0,25090.0,2091.0,0.2,5.06,1678.0
E07000125,Rossendale,2021,425.0,23427.0,1952.0,0.22,4.59,1527.0
E07000125,Rossendale,2022,450.0,26276.0,2190.0,0.21,4.87,1740.0
E07000125,Rossendale,2023,440.5,28452.0,2371.0,0.19,5.38,1930.5
E07000125,Rossendale,2024,495.5,32502.0,2708.0,0.18,5.47,2212.5
E07000125,Rossendale,2025,557.0,35273.0,2939.0,0.19,5.28,2382.0
E07000126,South Ribble,2019,425.0,28574.0,2381.0,0.18,5.6,1956.0
E07000126,South Ribble,2020,435.0,30835.0,2570.0,0.17,5.91,2135.0
E07000126,South Ribble,2021,425.0,30171.0,2514.0,0.17,5.92,2089.0
E07000126,South Ribble,2022,350.0,31402.0,2617.0,0.13,7.48,2267.0
E07000126,South Ribble,2023,457.0,33243.0,2770.0,0.16,6.06,2313.0
E07000126,South Ribble,2024,494.5,37859.0,3155.0,0.16,6.38,2660.5
E07000126,South Ribble,2025,527.0,37883.0,3157.0,0.17,5.99,2630.0
E07000127,West Lancashire,2019,395.0,28789.0,2399.0,0.16,6.07,2004.0
E07000127,West Lancashire,2020,380.5,29652.0,2471.0,0.15,6.49,2090.5
E07000127,West Lancashire,2021,384.0,27453.0,2288.0,0.17,5.96,1904.0
E07000127,West Lancashire,2022,371.0,32110.0,2676.0,0.14,7.21,2305.0
E07000127,West Lancashire,2023,446.5,35205.0,2934.0,0.15,6.57,2487.5
E07000127,West Lancashire,2024,485.5,36884.0,3074.0,0.16,6.33,2588.5
E07000127,West Lancashire,2025,548.0,38102.0,3175.0,0.17,5.79,2627.0
E07000128,Wyre,2019,368.0,25466.0,2122.0,0.17,5.77,1754.0
E07000128,Wyre,2020,350.0,25981.0,2165.0,0.16,6.19,1815.0
E07000128,Wyre,2021,360.0,24824.0,2069.0,0.17,5.75,1709.0
E07000128,Wyre,2022,368.0,27007.0,2251.0,0.16,6.12,1883.0
E07000128,Wyre,2023,435.0,29002.0,2417.0,0.18,5.56,1982.0
E07000128,Wyre,2024,454.5,37270.0,3106.0,0.15,6.83,2651.5
E07000128,Wyre,2025,488.5,38048.0,3171.0,0.15,6.49,2682.5
E07000129,Blaby,2019,466.5,27067.0,2256.0,0.21,4.84,1789.5
E07000129,Blaby,2020,530.0,31200.0,2600.0,0.2,4.91,2070.0
E07000129,Blaby,2021,494.0,30362.0,2530.0,0.2,5.12,2036.0
E07000129,Blaby,2022,595.0,35969.0,2997.0,0.2,5.04,2402.0
E07000129,Blaby,2023,551.0,34038.0,2836.0,0.19,5.15,2285.0
E07000129,Blaby,2024,607.5,35800.0,2983.0,0.2,4.91,2375.5
E07000129,Blaby,2025,663.5,38279.0,3190.0,0.21,4.81,2526.5
E07000130,Charnwood,2019,445.0,28888.0,2407.0,0.18,5.41,1962.0
E07000130,Charnwood,2020,450.0,29278.0,2440.0,0.18,5.42,1990.0
E07000130,Charnwood,2021,425.0,29512.0,2459.0,0.17,5.79,2034.0
E07000130,Charnwood,2022,485.0,32873.0,2739.0,0.18,5.65,2254.0
E07000130,Charnwood,2023,530.0,33192.0,2766.0,0.19,5.22,2236.0
E07000130,Charnwood,2024,583.5,38034.0,3170.0,0.18,5.43,2586.5
E07000130,Charnwood,2025,647.5,38078.0,3173.0,0.2,4.9,2525.5
E07000131,Harborough,2019,410.0,26840.0,2237.0,0.18,5.46,1827.0
E07000131,Harborough,2020,525.0,,,,,
E07000131,Harborough,2021,462.5,29833.0,2486.0,0.19,5.38,2023.5
E07000131,Harborough,2022,600.0,29515.0,2460.0,0.24,4.1,1860.0
E07000131,Harborough,2023,568.5,31323.0,2610.0,0.22,4.59,2041.5
E07000131,Harborough,2024,636.0,40509.0,3376.0,0.19,5.31,2740.0
E07000131,Harborough,2025,687.0,42423.0,3535.0,0.19,5.15,2848.0
E07000132,Hinckley and Bosworth,2019,450.0,28074.0,2340.0,0.19,5.2,1890.0
E07000132,Hinckley and Bosworth,2020,436.5,28433.0,2369.0,0.18,5.43,1932.5
E07000132,Hinckley and Bosworth,2021,440.0,27445.0,2287.0,0.19,5.2,1847.0
E07000132,Hinckley and Bosworth,2022,525.0,29203.0,2434.0,0.22,4.64,1909.0
E07000132,Hinckley and Bosworth,2023,501.5,32765.0,2730.0,0.18,5.44,2228.5
E07000132,Hinckley and Bosworth,2024,570.0,33066.0,2756.0,0.21,4.84,2186.0
E07000132,Hinckley and Bosworth,2025,611.5,35671.0,2973.0,0.21,4.86,2361.5
E07000133,Melton,2019,390.0,25593.0,2133.0,0.18,5.47,1743.0
E07000133,Melton,2020,427.5,24793.0,2066.0,0.21,4.83,1638.5
E07000133,Melton,2021,390.0,21374.0,1781.0,0.22,4.57,1391.0
E07000133,Melton,2022,450.0,32052.0,2671.0,0.17,5.94,2221.0
E07000133,Melton,2023,445.0,29068.0,2422.0,0.18,5.44,1977.0
E07000133,Melton,2024,487.0,30759.0,2563.0,0.19,5.26,2076.0
E07000133,Melton,2025,515.5,33900.0,2825.0,0.18,5.48,2309.5
E07000134,North West Leicestershire,2019,400.0,28876.0,2406.0,0.17,6.02,2006.0
E07000134,North West Leicestershire,2020,435.0,28996.0,2416.0,0.18,5.55,1981.0
E07000134,North West Leicestershire,2021,462.5,29995.0,2500.0,0.18,5.41,2037.5
E07000134,North West Leicestershire,2022,499.0,32674.0,2723.0,0.18,5.46,2224.0
E07000134,North West Leicestershire,2023,501.0,33507.0,2792.0,0.18,5.57,2291.0
E07000134,North West Leicestershire,2024,541.5,38285.0,3190.0,0.17,5.89,2648.5
E07000134,North West Leicestershire,2025,572.5,38795.0,3233.0,0.18,5.65,2660.5
E07000135,Oadby and Wigston,2019,500.0,24127.0,2011.0,0.25,4.02,1511.0
E07000135,Oadby and Wigston,2020,500.0,24412.0,2034.0,0.25,4.07,1534.0
E07000135,Oadby and Wigston,2021,500.0,24198.0,2016.0,0.25,4.03,1516.0
E07000135,Oadby and Wigston,2022,550.0,25129.0,2094.0,0.26,3.81,1544.0
E07000135,Oadby and Wigston,2023,579.0,26585.0,2215.0,0.26,3.83,1636.0
E07000135,Oadby and Wigston,2024,637.0,33654.0,2804.0,0.23,4.4,2167.0
E07000135,Oadby and Wigston,2025,702.5,40617.0,3385.0,0.21,4.82,2682.5
E07000136,Boston,2019,425.0,24323.0,2027.0,0.21,4.77,1602.0
E07000136,Boston,2020,450.0,24364.0,2030.0,0.22,4.51,1580.0
E07000136,Boston,2021,425.0,24224.0,2019.0,0.21,4.75,1594.0
E07000136,Boston,2022,455.0,25640.0,2137.0,0.21,4.7,1682.0
E07000136,Boston,2023,506.5,28647.0,2387.0,0.21,4.71,1880.5
E07000136,Boston,2024,547.0,29433.0,2453.0,0.22,4.48,1906.0
E07000136,Boston,2025,586.0,29805.0,2484.0,0.24,4.24,1898.0
E07000137,East Lindsey,2019,379.0,25885.0,2157.0,0.18,5.69,1778.0
E07000137,East Lindsey,2020,390.0,26744.0,2229.0,0.17,5.72,1839.0
E07000137,East Lindsey,2021,368.0,25868.0,2156.0,0.17,5.86,1788.0
E07000137,East Lindsey,2022,390.0,27745.0,2312.0,0.17,5.93,1922.0
E07000137,East Lindsey,2023,425.5,,,,,
E07000137,East Lindsey,2024,463.0,31733.0,2644.0,0.18,5.71,2181.0
E07000137,East Lindsey,2025,488.0,31516.0,2626.0,0.19,5.38,2138.0
E07000138,Lincoln,2019,420.0,26246.0,2187.0,0.19,5.21,1767.0
E07000138,Lincoln,2020,448.0,28786.0,2399.0,0.19,5.35,1951.0
E07000138,Lincoln,2021,525.0,28493.0,2374.0,0.22,4.52,1849.0
E07000138,Lincoln,2022,425.0,30453.0,2538.0,0.17,5.97,2113.0
E07000138,Lincoln,2023,528.0,32994.0,2750.0,0.19,5.21,2222.0
E07000138,Lincoln,2024,577.0,32828.0,2736.0,0.21,4.74,2159.0
E07000138,Lincoln,2025,626.0,34301.0,2858.0,0.22,4.57,2232.0
E07000139,North Kesteven,2019,380.0,26865.0,2239.0,0.17,5.89,1859.0
E07000139,North Kesteven,2020,435.0,29328.0,2444.0,0.18,5.62,2009.0
E07000139,North Kesteven,2021,373.0,27795.0,2316.0,0.16,6.21,1943.0
E07000139,North Kesteven,2022,412.5,30131.0,2511.0,0.16,6.09,2098.5
E07000139,North Kesteven,2023,476.0,,,,,
E07000139,North Kesteven,2024,520.0,37124.0,3094.0,0.17,5.95,2574.0
E07000139,North Kesteven,2025,544.0,37305.0,3109.0,0.17,5.72,2565.0
E07000140,South Holland,2019,390.0,25094.0,2091.0,0.19,5.36,1701.0
E07000140,South Holland,2020,420.0,26340.0,2195.0,0.19,5.23,1775.0
E07000140,South Holland,2021,455.0,25464.0,2122.0,0.21,4.66,1667.0
E07000140,South Holland,2022,450.0,27854.0,2321.0,0.19,5.16,1871.0
E07000140,South Holland,2023,497.0,29987.0,2499.0,0.2,5.03,2002.0
E07000140,South Holland,2024,531.5,32996.0,2750.0,0.19,5.17,2218.5
E07000140,South Holland,2025,565.5,32336.0,2695.0,0.21,4.77,2129.5
E07000141,South Kesteven,2019,450.0,25107.0,2092.0,0.22,4.65,1642.0
E07000141,South Kesteven,2020,500.0,27186.0,2266.0,0.22,4.53,1766.0
E07000141,South Kesteven,2021,373.5,26777.0,2231.0,0.17,5.97,1857.5
E07000141,South Kesteven,2022,412.5,29164.0,2430.0,0.17,5.89,2017.5
E07000141,South Kesteven,2023,482.0,29765.0,2480.0,0.19,5.15,1998.0
E07000141,South Kesteven,2024,541.0,35015.0,2918.0,0.19,5.39,2377.0
E07000141,South Kesteven,2025,573.0,34922.0,2910.0,0.2,5.08,2337.0
E07000142,West Lindsey,2019,370.0,,,,,
E07000142,West Lindsey,2020,382.5,28815.0,2401.0,0.16,6.28,2018.5
E07000142,West Lindsey,2021,409.0,30551.0,2546.0,0.16,6.22,2137.0
E07000142,West Lindsey,2022,402.5,34608.0,2884.0,0.14,7.17,2481.5
E07000142,West Lindsey,2023,423.0,31018.0,2585.0,0.16,6.11,2162.0
E07000142,West Lindsey,2024,445.0,34904.0,2909.0,0.15,6.54,2464.0
E07000142,West Lindsey,2025,487.0,38377.0,3198.0,0.15,6.57,2711.0
E07000143,Breckland,2019,420.0,25142.0,2095.0,0.2,4.99,1675.0
E07000143,Breckland,2020,425.0,26469.0,2206.0,0.19,5.19,1781.0
E07000143,Breckland,2021,530.0,26611.0,2218.0,0.24,4.18,1688.0
E07000143,Breckland,2022,507.5,27912.0,2326.0,0.22,4.58,1818.5
E07000143,Breckland,2023,549.5,31679.0,2640.0,0.21,4.8,2090.5
E07000143,Breckland,2024,577.5,32589.0,2716.0,0.21,4.7,2138.5
E07000143,Breckland,2025,639.0,34399.0,2867.0,0.22,4.49,2228.0
E07000144,Broadland,2019,499.0,28652.0,2388.0,0.21,4.79,1889.0
E07000144,Broadland,2020,550.0,29861.0,2488.0,0.22,4.52,1938.0
E07000144,Broadland,2021,547.5,29740.0,2478.0,0.22,4.53,1930.5
E07000144,Broadland,2022,600.0,32860.0,2738.0,0.22,4.56,2138.0
E07000144,Broadland,2023,567.5,33530.0,2794.0,0.2,4.92,2226.5
E07000144,Broadland,2024,613.0,37112.0,3093.0,0.2,5.05,2480.0
E07000144,Broadland,2025,659.0,38195.0,3183.0,0.21,4.83,2524.0
E07000145,Great Yarmouth,2019,369.0,28416.0,2368.0,0.16,6.42,1999.0
E07000145,Great Yarmouth,2020,386.0,29316.0,2443.0,0.16,6.33,2057.0
E07000145,Great Yarmouth,2021,386.0,30420.0,2535.0,0.15,6.57,2149.0
E07000145,Great Yarmouth,2022,410.0,31601.0,2633.0,0.16,6.42,2223.0
E07000145,Great Yarmouth,2023,458.5,32755.0,2730.0,0.17,5.95,2271.5
E07000145,Great Yarmouth,2024,499.0,33038.0,2753.0,0.18,5.52,2254.0
E07000145,Great Yarmouth,2025,545.0,34794.0,2900.0,0.19,5.32,2355.0
E07000146,King's Lynn and West Norfolk,2019,422.5,29479.0,2457.0,0.17,5.82,2034.5
E07000146,King's Lynn and West Norfolk,2020,455.0,28904.0,2409.0,0.19,5.29,1954.0
E07000146,King's Lynn and West Norfolk,2021,460.0,28588.0,2382.0,0.19,5.18,1922.0
E07000146,King's Lynn and West Norfolk,2022,460.0,29860.0,2488.0,0.18,5.41,2028.0
E07000146,King's Lynn and West Norfolk,2023,529.5,31767.0,2647.0,0.2,5.0,2117.5
E07000146,King's Lynn and West Norfolk,2024,568.0,34699.0,2892.0,0.2,5.09,2324.0
E07000146,King's Lynn and West Norfolk,2025,620.5,36835.0,3070.0,0.2,4.95,2449.5
E07000147,North Norfolk,2019,432.5,,,,,
E07000147,North Norfolk,2020,422.5,28450.0,2371.0,0.18,5.61,1948.5
E07000147,North Norfolk,2021,455.0,25418.0,2118.0,0.21,4.65,1663.0
E07000147,North Norfolk,2022,472.5,28209.0,2351.0,0.2,4.98,1878.5
E07000147,North Norfolk,2023,523.0,28402.0,2367.0,0.22,4.53,1844.0
E07000147,North Norfolk,2024,555.5,30999.0,2583.0,0.22,4.65,2027.5
E07000147,North Norfolk,2025,590.5,34362.0,2864.0,0.21,4.85,2273.5
E07000148,Norwich,2019,500.0,27446.0,2287.0,0.22,4.57,1787.0
E07000148,Norwich,2020,475.0,28506.0,2376.0,0.2,5.0,1901.0
E07000148,Norwich,2021,575.0,30450.0,2538.0,0.23,4.41,1963.0
E07000148,Norwich,2022,525.0,29217.0,2435.0,0.22,4.64,1910.0
E07000148,Norwich,2023,644.0,31692.0,2641.0,0.24,4.1,1997.0
E07000148,Norwich,2024,692.0,34772.0,2898.0,0.24,4.19,2206.0
E07000148,Norwich,2025,771.0,35263.0,2939.0,0.26,3.81,2168.0
E07000149,South Norfolk,2019,520.0,28665.0,2389.0,0.22,4.59,1869.0
E07000149,South Norfolk,2020,550.0,29090.0,2424.0,0.23,4.41,1874.0
E07000149,South Norfolk,2021,595.0,30838.0,2570.0,0.23,4.32,1975.0
E07000149,South Norfolk,2022,575.0,32570.0,2714.0,0.21,4.72,2139.0
E07000149,South Norfolk,2023,585.0,34963.0,2914.0,0.2,4.98,2329.0
E07000149,South Norfolk,2024,616.0,37770.0,3148.0,0.2,5.11,2532.0
E07000149,South Norfolk,2025,671.0,39438.0,3286.0,0.2,4.9,2615.0
E07000170,Ashfield,2019,373.5,25184.0,2099.0,0.18,5.62,1725.5
E07000170,Ashfield,2020,412.0,27486.0,2290.0,0.18,5.56,1878.0
E07000170,Ashfield,2021,450.0,27285.0,2274.0,0.2,5.05,1824.0
E07000170,Ashfield,2022,432.5,,,,,
E07000170,Ashfield,2023,442.5,29605.0,2467.0,0.18,5.58,2024.5
E07000170,Ashfield,2024,490.5,32022.0,2668.0,0.18,5.44,2177.5
E07000170,Ashfield,2025,530.0,32577.0,2715.0,0.2,5.12,2185.0
E07000171,Bassetlaw,2019,337.5,24922.0,2077.0,0.16,6.15,1739.5
E07000171,Bassetlaw,2020,325.0,26435.0,2203.0,0.15,6.78,1878.0
E07000171,Bassetlaw,2021,338.0,26222.0,2185.0,0.15,6.46,1847.0
E07000171,Bassetlaw,2022,362.5,25787.0,2149.0,0.17,5.93,1786.5
E07000171,Bassetlaw,2023,417.5,27829.0,2319.0,0.18,5.55,1901.5
E07000171,Bassetlaw,2024,440.5,33735.0,2811.0,0.16,6.38,2370.5
E07000171,Bassetlaw,2025,489.5,34744.0,2895.0,0.17,5.91,2405.5
E07000172,Broxtowe,2019,450.0,,,,,
E07000172,Broxtowe,2020,421.5,25100.0,2092.0,0.2,4.96,1670.5
E07000172,Broxtowe,2021,482.5,27201.0,2267.0,0.21,4.7,1784.5
E07000172,Broxtowe,2022,525.0,28606.0,2384.0,0.22,4.54,1859.0
E07000172,Broxtowe,2023,543.0,31295.0,2608.0,0.21,4.8,2065.0
E07000172,Broxtowe,2024,595.0,38495.0,3208.0,0.19,5.39,2613.0
E07000172,Broxtowe,2025,657.0,38037.0,3170.0,0.21,4.82,2513.0
E07000173,Gedling,2019,475.0,28935.0,2411.0,0.2,5.08,1936.0
E07000173,Gedling,2020,370.0,29176.0,2431.0,0.15,6.57,2061.0
E07000173,Gedling,2021,460.0,26321.0,2193.0,0.21,4.77,1733.0
E07000173,Gedling,2022,512.5,32689.0,2724.0,0.19,5.32,2211.5
E07000173,Gedling,2023,523.0,33300.0,2775.0,0.19,5.31,2252.0
E07000173,Gedling,2024,565.5,35119.0,2927.0,0.19,5.18,2361.5
E07000173,Gedling,2025,604.5,37727.0,3144.0,0.19,5.2,2539.5
E07000174,Mansfield,2019,401.0,23318.0,1943.0,0.21,4.85,1542.0
E07000174,Mansfield,2020,381.5,25540.0,2128.0,0.18,5.58,1746.5
E07000174,Mansfield,2021,490.0,25676.0,2140.0,0.23,4.37,1650.0
E07000174,Mansfield,2022,440.0,29041.0,2420.0,0.18,5.5,1980.0
E07000174,Mansfield,2023,433.0,30345.0,2529.0,0.17,5.84,2096.0
E07000174,Mansfield,2024,482.5,32963.0,2747.0,0.18,5.69,2264.5
E07000174,Mansfield,2025,526.5,32525.0,2710.0,0.19,5.15,2183.5
E07000175,Newark and Sherwood,2019,405.0,23096.0,1925.0,0.21,4.75,1520.0
E07000175,Newark and Sherwood,2020,407.5,25391.0,2116.0,0.19,5.19,1708.5
E07000175,Newark and Sherwood,2021,381.5,27733.0,2311.0,0.17,6.06,1929.5
E07000175,Newark and Sherwood,2022,455.0,27092.0,2258.0,0.2,4.96,1803.0
E07000175,Newark and Sherwood,2023,449.0,31349.0,2612.0,0.17,5.82,2163.0
E07000175,Newark and Sherwood,2024,489.0,35372.0,2948.0,0.17,6.03,2459.0
E07000175,Newark and Sherwood,2025,530.5,37118.0,3093.0,0.17,5.83,2562.5
E07000176,Rushcliffe,2019,395.0,30619.0,2552.0,0.15,6.46,2157.0
E07000176,Rushcliffe,2020,412.0,30376.0,2531.0,0.16,6.14,2119.0
E07000176,Rushcliffe,2021,420.0,30470.0,2539.0,0.17,6.05,2119.0
E07000176,Rushcliffe,2022,465.0,,,,,
E07000176,Rushcliffe,2023,593.0,31405.0,2617.0,0.23,4.41,2024.0
E07000176,Rushcliffe,2024,649.5,39657.0,3305.0,0.2,5.09,2655.5
E07000176,Rushcliffe,2025,698.5,45968.0,3831.0,0.18,5.48,3132.5
E07000177,Cherwell,2019,540.0,,,,,
E07000177,Cherwell,2020,580.0,32332.0,2694.0,0.22,4.64,2114.0
E07000177,Cherwell,2021,625.0,31684.0,2640.0,0.24,4.22,2015.0
E07000177,Cherwell,2022,650.0,35014.0,2918.0,0.22,4.49,2268.0
E07000177,Cherwell,2023,797.5,36280.0,3023.0,0.26,3.79,2225.5
E07000177,Cherwell,2024,841.0,41778.0,3482.0,0.24,4.14,2641.0
E07000177,Cherwell,2025,948.0,42147.0,3512.0,0.27,3.7,2564.0
E07000178,Oxford,2019,925.0,34476.0,2873.0,0.32,3.11,1948.0
E07000178,Oxford,2020,800.0,35732.0,2978.0,0.27,3.72,2178.0
E07000178,Oxford,2021,800.0,35762.0,2980.0,0.27,3.72,2180.0
E07000178,Oxford,2022,818.0,37574.0,3131.0,0.26,3.83,2313.0
E07000178,Oxford,2023,1083.0,39238.0,3270.0,0.33,3.02,2187.0
E07000178,Oxford,2024,1140.0,40384.0,3365.0,0.34,2.95,2225.0
E07000178,Oxford,2025,1279.5,43289.0,3607.0,0.35,2.82,2327.5
E07000179,South Oxfordshire,2019,700.0,33372.0,2781.0,0.25,3.97,2081.0
E07000179,South Oxfordshire,2020,605.0,32779.0,2732.0,0.22,4.52,2127.0
E07000179,South Oxfordshire,2021,721.5,33227.0,2769.0,0.26,3.84,2047.5
E07000179,South Oxfordshire,2022,628.0,,,,,
E07000179,South Oxfordshire,2023,872.5,40538.0,3378.0,0.26,3.87,2505.5
E07000179,South Oxfordshire,2024,943.5,,,,,
E07000179,South Oxfordshire,2025,1010.5,48525.0,4044.0,0.25,4.0,3033.5
E07000180,Vale of White Horse,2019,690.0,35609.0,2967.0,0.23,4.3,2277.0
E07000180,Vale of White Horse,2020,700.0,36821.0,3068.0,0.23,4.38,2368.0
E07000180,Vale of White Horse,2021,715.0,37054.0,3088.0,0.23,4.32,2373.0
E07000180,Vale of White Horse,2022,700.0,41105.0,3425.0,0.2,4.89,2725.0
E07000180,Vale of White Horse,2023,823.0,40751.0,3396.0,0.24,4.13,2573.0
E07000180,Vale of White Horse,2024,889.5,42191.0,3516.0,0.25,3.95,2626.5
E07000180,Vale of White Horse,2025,958.0,44454.0,3704.0,0.26,3.87,2746.0
E07000181,West Oxfordshire,2019,685.0,32689.0,2724.0,0.25,3.98,2039.0
E07000181,West Oxfordshire,2020,671.5,33423.0,2785.0,0.24,4.15,2113.5
E07000181,West Oxfordshire,2021,625.0,31199.0,2600.0,0.24,4.16,1975.0
E07000181,West Oxfordshire,2022,712.5,,,,,
E07000181,West Oxfordshire,2023,844.0,35783.0,2982.0,0.28,3.53,2138.0
E07000181,West Oxfordshire,2024,905.5,43215.0,3601.0,0.25,3.98,2695.5
E07000181,West Oxfordshire,2025,934.5,43932.0,3661.0,0.26,3.92,2726.5
E07000192,Cannock Chase,2019,395.0,25409.0,2117.0,0.19,5.36,1722.0
E07000192,Cannock Chase,2020,423.0,26197.0,2183.0,0.19,5.16,1760.0
E07000192,Cannock Chase,2021,433.0,28134.0,2344.0,0.18,5.41,1911.0
E07000192,Cannock Chase,2022,425.0,26971.0,2248.0,0.19,5.29,1823.0
E07000192,Cannock Chase,2023,482.0,29088.0,2424.0,0.2,5.03,1942.0
E07000192,Cannock Chase,2024,516.5,32096.0,2675.0,0.19,5.18,2158.5
E07000192,Cannock Chase,2025,549.5,36140.0,3012.0,0.18,5.48,2462.5
E07000193,East Staffordshire,2019,412.5,28375.0,2365.0,0.17,5.73,1952.5
E07000193,East Staffordshire,2020,390.0,29367.0,2447.0,0.16,6.27,2057.0
E07000193,East Staffordshire,2021,400.0,28123.0,2344.0,0.17,5.86,1944.0
E07000193,East Staffordshire,2022,442.5,30140.0,2512.0,0.18,5.68,2069.5
E07000193,East Staffordshire,2023,500.5,32523.0,2710.0,0.18,5.41,2209.5
E07000193,East Staffordshire,2024,538.0,35165.0,2930.0,0.18,5.45,2392.0
E07000193,East Staffordshire,2025,577.0,36848.0,3071.0,0.19,5.32,2494.0
E07000194,Lichfield,2019,479.0,27851.0,2321.0,0.21,4.85,1842.0
E07000194,Lichfield,2020,430.0,27329.0,2277.0,0.19,5.3,1847.0
E07000194,Lichfield,2021,504.0,26436.0,2203.0,0.23,4.37,1699.0
E07000194,Lichfield,2022,516.5,26374.0,2198.0,0.23,4.26,1681.5
E07000194,Lichfield,2023,604.0,,,,,
E07000194,Lichfield,2024,654.0,,,,,
E07000194,Lichfield,2025,681.5,41803.0,3484.0,0.2,5.11,2802.5
E07000195,Newcastle-under-Lyme,2019,396.0,24271.0,2023.0,0.2,5.11,1627.0
E07000195,Newcastle-under-Lyme,2020,396.5,25601.0,2133.0,0.19,5.38,1736.5
E07000195,Newcastle-under-Lyme,2021,477.0,26073.0,2173.0,0.22,4.56,1696.0
E07000195,Newcastle-under-Lyme,2022,415.0,28147.0,2346.0,0.18,5.65,1931.0
E07000195,Newcastle-under-Lyme,2023,458.5,31833.0,2653.0,0.17,5.79,2194.5
E07000195,Newcastle-under-Lyme,2024,485.0,34905.0,2909.0,0.17,6.0,2424.0
E07000195,Newcastle-under-Lyme,2025,530.5,35723.0,2977.0,0.18,5.61,2446.5
E07000196,South Staffordshire,2019,495.0,27412.0,2284.0,0.22,4.61,1789.0
E07000196,South Staffordshire,2020,495.0,30899.0,2575.0,0.19,5.2,2080.0
E07000196,South Staffordshire,2021,535.0,31384.0,2615.0,0.2,4.89,2080.0
E07000196,South Staffordshire,2022,570.0,29181.0,2432.0,0.23,4.27,1862.0
E07000196,South Staffordshire,2023,533.0,,,,,
E07000196,South Staffordshire,2024,593.0,37908.0,3159.0,0.19,5.33,2566.0
E07000196,South Staffordshire,2025,626.5,38788.0,3232.0,0.19,5.16,2605.5
E07000197,Stafford,2019,450.0,28575.0,2381.0,0.19,5.29,1931.0
E07000197,Stafford,2020,475.0,28840.0,2403.0,0.2,5.06,1928.0
E07000197,Stafford,2021,468.5,29689.0,2474.0,0.19,5.28,2005.5
E07000197,Stafford,2022,463.0,31781.0,2648.0,0.17,5.72,2185.0
E07000197,Stafford,2023,497.0,33786.0,2816.0,0.18,5.67,2319.0
E07000197,Stafford,2024,531.0,40736.0,3395.0,0.16,6.39,2864.0
E07000197,Stafford,2025,590.0,39726.0,3310.0,0.18,5.61,2720.0
E07000198,Staffordshire Moorlands,2019,335.0,29211.0,2434.0,0.14,7.27,2099.0
E07000198,Staffordshire Moorlands,2020,425.0,,,,,
E07000198,Staffordshire Moorlands,2021,380.0,30202.0,2517.0,0.15,6.62,2137.0
E07000198,Staffordshire Moorlands,2022,450.0,,,,,
E07000198,Staffordshire Moorlands,2023,423.5,33272.0,2773.0,0.15,6.55,2349.5
E07000198,Staffordshire Moorlands,2024,450.0,37273.0,3106.0,0.14,6.9,2656.0
E07000198,Staffordshire Moorlands,2025,488.0,38228.0,3186.0,0.15,6.53,2698.0
E07000199,Tamworth,2019,525.0,24066.0,2006.0,0.26,3.82,1481.0
E07000199,Tamworth,2020,525.0,24926.0,2077.0,0.25,3.96,1552.0
E07000199,Tamworth,2021,525.0,25359.0,2113.0,0.25,4.02,1588.0
E07000199,Tamworth,2022,600.0,30169.0,2514.0,0.24,4.19,1914.0
E07000199,Tamworth,2023,575.5,30698.0,2558.0,0.22,4.44,1982.5
E07000199,Tamworth,2024,624.5,36054.0,3004.0,0.21,4.81,2379.5
E07000199,Tamworth,2025,665.5,38496.0,3208.0,0.21,4.82,2542.5
E07000200,Babergh,2019,462.5,25755.0,2146.0,0.22,4.64,1683.5
E07000200,Babergh,2020,487.5,26678.0,2223.0,0.22,4.56,1735.5
E07000200,Babergh,2021,510.0,26858.0,2238.0,0.23,4.39,1728.0
E07000200,Babergh,2022,530.0,26372.0,2198.0,0.24,4.15,1668.0
E07000200,Babergh,2023,605.0,28411.0,2368.0,0.26,3.91,1763.0
E07000200,Babergh,2024,650.0,36798.0,3066.0,0.21,4.72,2416.0
E07000200,Babergh,2025,691.0,33904.0,2825.0,0.24,4.09,2134.0
E07000202,Ipswich,2019,425.0,26867.0,2239.0,0.19,5.27,1814.0
E07000202,Ipswich,2020,440.0,27919.0,2327.0,0.19,5.29,1887.0
E07000202,Ipswich,2021,477.0,28297.0,2358.0,0.2,4.94,1881.0
E07000202,Ipswich,2022,450.0,32000.0,2667.0,0.17,5.93,2217.0
E07000202,Ipswich,2023,576.5,33389.0,2782.0,0.21,4.83,2205.5
E07000202,Ipswich,2024,657.5,35038.0,2920.0,0.23,4.44,2262.5
E07000202,Ipswich,2025,714.0,36660.0,3055.0,0.23,4.28,2341.0
E07000203,Mid Suffolk,2019,465.0,28955.0,2413.0,0.19,5.19,1948.0
E07000203,Mid Suffolk,2020,477.5,30459.0,2538.0,0.19,5.32,2060.5
E07000203,Mid Suffolk,2021,575.0,29072.0,2423.0,0.24,4.21,1848.0
E07000203,Mid Suffolk,2022,600.0,29165.0,2430.0,0.25,4.05,1830.0
E07000203,Mid Suffolk,2023,588.0,32369.0,2697.0,0.22,4.59,2109.0
E07000203,Mid Suffolk,2024,629.0,38708.0,3226.0,0.19,5.13,2597.0
E07000203,Mid Suffolk,2025,675.5,41350.0,3446.0,0.2,5.1,2770.5
E07000207,Elmbridge,2019,750.0,36561.0,3047.0,0.25,4.06,2297.0
E07000207,Elmbridge,2020,872.5,36531.0,3044.0,0.29,3.49,2171.5
E07000207,Elmbridge,2021,750.0,34626.0,2886.0,0.26,3.85,2136.0
E07000207,Elmbridge,2022,886.5,35167.0,2931.0,0.3,3.31,2044.5
E07000207,Elmbridge,2023,1087.5,,,,,
E07000207,Elmbridge,2024,1190.0,,,,,
E07000207,Elmbridge,2025,1229.5,51924.0,4327.0,0.28,3.52,3097.5
E07000208,Epsom and Ewell,2019,825.0,,,,,
E07000208,Epsom and Ewell,2020,881.5,28024.0,2335.0,0.38,2.65,1453.5
E07000208,Epsom and Ewell,2021,798.0,29470.0,2456.0,0.32,3.08,1658.0
E07000208,Epsom and Ewell,2022,800.0,28418.0,2368.0,0.34,2.96,1568.0
E07000208,Epsom and Ewell,2023,1018.0,31056.0,2588.0,0.39,2.54,1570.0
E07000208,Epsom and Ewell,2024,1135.0,44278.0,3690.0,0.31,3.25,2555.0
E07000208,Epsom and Ewell,2025,1165.5,50121.0,4177.0,0.28,3.58,3011.5
E07000209,Guildford,2019,850.0,35009.0,2917.0,0.29,3.43,2067.0
E07000209,Guildford,2020,795.0,36001.0,3000.0,0.26,3.77,2205.0
E07000209,Guildford,2021,750.0,36737.0,3061.0,0.25,4.08,2311.0
E07000209,Guildford,2022,793.0,39700.0,3308.0,0.24,4.17,2515.0
E07000209,Guildford,2023,999.0,41411.0,3451.0,0.29,3.45,2452.0
E07000209,Guildford,2024,1058.5,,,,,
E07000209,Guildford,2025,1115.0,46801.0,3900.0,0.29,3.5,2785.0
E07000210,Mole Valley,2019,775.0,35541.0,2962.0,0.26,3.82,2187.0
E07000210,Mole Valley,2020,785.0,34833.0,2903.0,0.27,3.7,2118.0
E07000210,Mole Valley,2021,825.0,41184.0,3432.0,0.24,4.16,2607.0
E07000210,Mole Valley,2022,847.5,39286.0,3274.0,0.26,3.86,2426.5
E07000210,Mole Valley,2023,949.0,,,,,
E07000210,Mole Valley,2024,1024.5,,,,,
E07000210,Mole Valley,2025,1110.0,42937.0,3578.0,0.31,3.22,2468.0
E07000211,Reigate and Banstead,2019,643.0,33439.0,2787.0,0.23,4.33,2144.0
E07000211,Reigate and Banstead,2020,655.0,34935.0,2911.0,0.23,4.44,2256.0
E07000211,Reigate and Banstead,2021,870.0,33739.0,2812.0,0.31,3.23,1942.0
E07000211,Reigate and Banstead,2022,700.0,32355.0,2696.0,0.26,3.85,1996.0
E07000211,Reigate and Banstead,2023,956.5,35419.0,2952.0,0.32,3.09,1995.5
E07000211,Reigate and Banstead,2024,1048.0,44644.0,3720.0,0.28,3.55,2672.0
E07000211,Reigate and Banstead,2025,1113.5,43434.0,3620.0,0.31,3.25,2506.5
E07000212,Runnymede,2019,698.0,40011.0,3334.0,0.21,4.78,2636.0
E07000212,Runnymede,2020,695.0,40457.0,3371.0,0.21,4.85,2676.0
E07000212,Runnymede,2021,695.0,42356.0,3530.0,0.2,5.08,2835.0
E07000212,Runnymede,2022,837.5,38395.0,3200.0,0.26,3.82,2362.5
E07000212,Runnymede,2023,940.0,42702.0,3558.0,0.26,3.79,2618.0
E07000212,Runnymede,2024,1053.0,47086.0,3924.0,0.27,3.73,2871.0
E07000212,Runnymede,2025,1095.5,46777.0,3898.0,0.28,3.56,2802.5
E07000213,Spelthorne,2019,750.0,36013.0,3001.0,0.25,4.0,2251.0
E07000213,Spelthorne,2020,795.0,32690.0,2724.0,0.29,3.43,1929.0
E07000213,Spelthorne,2021,810.0,35730.0,2978.0,0.27,3.68,2168.0
E07000213,Spelthorne,2022,835.0,37999.0,3167.0,0.26,3.79,2332.0
E07000213,Spelthorne,2023,992.0,38393.0,3199.0,0.31,3.22,2207.0
E07000213,Spelthorne,2024,1101.0,40466.0,3372.0,0.33,3.06,2271.0
E07000213,Spelthorne,2025,1169.0,44265.0,3689.0,0.32,3.16,2520.0
E07000214,Surrey Heath,2019,550.0,,,,,
E07000214,Surrey Heath,2020,625.0,38780.0,3232.0,0.19,5.17,2607.0
E07000214,Surrey Heath,2021,600.0,38422.0,3202.0,0.19,5.34,2602.0
E07000214,Surrey Heath,2022,650.0,38814.0,3234.0,0.2,4.98,2584.0
E07000214,Surrey Heath,2023,856.0,,,,,
E07000214,Surrey Heath,2024,960.0,,,,,
E07000214,Surrey Heath,2025,1016.0,,,,,
E07000215,Tandridge,2019,757.5,28511.0,2376.0,0.32,3.14,1618.5
E07000215,Tandridge,2020,725.0,31546.0,2629.0,0.28,3.63,1904.0
E07000215,Tandridge,2021,800.0,29940.0,2495.0,0.32,3.12,1695.0
E07000215,Tandridge,2022,800.0,33384.0,2782.0,0.29,3.48,1982.0
E07000215,Tandridge,2023,981.0,40196.0,3350.0,0.29,3.41,2369.0
E07000215,Tandridge,2024,1036.0,40691.0,3391.0,0.31,3.27,2355.0
E07000215,Tandridge,2025,1103.5,39775.0,3315.0,0.33,3.0,2211.5
E07000216,Waverley,2019,715.0,,,,,
E07000216,Waverley,2020,650.0,29116.0,2426.0,0.27,3.73,1776.0
E07000216,Waverley,2021,725.0,28779.0,2398.0,0.3,3.31,1673.0
E07000216,Waverley,2022,725.0,30881.0,2573.0,0.28,3.55,1848.0
E07000216,Waverley,2023,932.5,33413.0,2784.0,0.33,2.99,1851.5
E07000216,Waverley,2024,986.5,49530.0,4128.0,0.24,4.18,3141.5
E07000216,Waverley,2025,1068.5,49769.0,4147.0,0.26,3.88,3078.5
E07000217,Woking,2019,765.0,,,,,
E07000217,Woking,2020,837.5,39133.0,3261.0,0.26,3.89,2423.5
E07000217,Woking,2021,860.0,,,,,
E07000217,Woking,2022,861.5,38791.0,3233.0,0.27,3.75,2371.5
E07000217,Woking,2023,1005.5,37526.0,3127.0,0.32,3.11,2121.5
E07000217,Woking,2024,1086.5,45993.0,3833.0,0.28,3.53,2746.5
E07000217,Woking,2025,1148.5,43719.0,3643.0,0.32,3.17,2494.5
E07000218,North Warwickshire,2019,438.0,29031.0,2419.0,0.18,5.52,1981.0
E07000218,North Warwickshire,2020,475.0,,,,,
E07000218,North Warwickshire,2021,537.5,,,,,
E07000218,North Warwickshire,2022,550.0,31398.0,2616.0,0.21,4.76,2066.0
E07000218,North Warwickshire,2023,554.0,,,,,
E07000218,North Warwickshire,2024,634.5,37619.0,3135.0,0.2,4.94,2500.5
E07000218,North Warwickshire,2025,675.0,40095.0,3341.0,0.2,4.95,2666.0
E07000219,Nuneaton and Bedworth,2019,368.0,25521.0,2127.0,0.17,5.78,1759.0
E07000219,Nuneaton and Bedworth,2020,427.5,24951.0,2079.0,0.21,4.86,1651.5
E07000219,Nuneaton and Bedworth,2021,439.0,25522.0,2127.0,0.21,4.85,1688.0
E07000219,Nuneaton and Bedworth,2022,418.0,27046.0,2254.0,0.19,5.39,1836.0
E07000219,Nuneaton and Bedworth,2023,490.5,30132.0,2511.0,0.2,5.12,2020.5
E07000219,Nuneaton and Bedworth,2024,532.0,34497.0,2875.0,0.19,5.4,2343.0
E07000219,Nuneaton and Bedworth,2025,613.5,35277.0,2940.0,0.21,4.79,2326.5
E07000220,Rugby,2019,495.0,32093.0,2674.0,0.19,5.4,2179.0
E07000220,Rugby,2020,485.0,34048.0,2837.0,0.17,5.85,2352.0
E07000220,Rugby,2021,480.0,35745.0,2979.0,0.16,6.21,2499.0
E07000220,Rugby,2022,550.0,35908.0,2992.0,0.18,5.44,2442.0
E07000220,Rugby,2023,607.0,,,,,
E07000220,Rugby,2024,646.5,39446.0,3287.0,0.2,5.08,2640.5
E07000220,Rugby,2025,712.5,47191.0,3933.0,0.18,5.52,3220.5
E07000221,Stratford-on-Avon,2019,500.0,,,,,
E07000221,Stratford-on-Avon,2020,572.5,32069.0,2672.0,0.21,4.67,2099.5
E07000221,Stratford-on-Avon,2021,625.0,32445.0,2704.0,0.23,4.33,2079.0
E07000221,Stratford-on-Avon,2022,620.0,30813.0,2568.0,0.24,4.14,1948.0
E07000221,Stratford-on-Avon,2023,689.0,33242.0,2770.0,0.25,4.02,2081.0
E07000221,Stratford-on-Avon,2024,724.0,38652.0,3221.0,0.22,4.45,2497.0
E07000221,Stratford-on-Avon,2025,766.5,41280.0,3440.0,0.22,4.49,2673.5
E07000222,Warwick,2019,548.0,34222.0,2852.0,0.19,5.2,2304.0
E07000222,Warwick,2020,595.0,33992.0,2833.0,0.21,4.76,2238.0
E07000222,Warwick,2021,550.0,30594.0,2550.0,0.22,4.64,2000.0
E07000222,Warwick,2022,575.0,31747.0,2646.0,0.22,4.6,2071.0
E07000222,Warwick,2023,745.5,35256.0,2938.0,0.25,3.94,2192.5
E07000222,Warwick,2024,809.0,41741.0,3478.0,0.23,4.3,2669.0
E07000222,Warwick,2025,863.0,48523.0,4044.0,0.21,4.69,3181.0
E07000223,Adur,2019,630.0,27186.0,2266.0,0.28,3.6,1636.0
E07000223,Adur,2020,600.0,27346.0,2279.0,0.26,3.8,1679.0
E07000223,Adur,2021,662.5,25711.0,2143.0,0.31,3.23,1480.5
E07000223,Adur,2022,750.0,26739.0,2228.0,0.34,2.97,1478.0
E07000223,Adur,2023,857.5,33187.0,2766.0,0.31,3.23,1908.5
E07000223,Adur,2024,911.5,36655.0,3055.0,0.3,3.35,2143.5
E07000223,Adur,2025,960.0,39029.0,3252.0,0.3,3.39,2292.0
E07000224,Arun,2019,495.0,,,,,
E07000224,Arun,2020,495.0,25142.0,2095.0,0.24,4.23,1600.0
E07000224,Arun,2021,510.0,26801.0,2233.0,0.23,4.38,1723.0
E07000224,Arun,2022,525.0,27090.0,2258.0,0.23,4.3,1733.0
E07000224,Arun,2023,694.5,29492.0,2458.0,0.28,3.54,1763.5
E07000224,Arun,2024,754.0,36643.0,3054.0,0.25,4.05,2300.0
E07000224,Arun,2025,818.5,34546.0,2879.0,0.28,3.52,2060.5
E07000225,Chichester,2019,540.0,27403.0,2284.0,0.24,4.23,1744.0
E07000225,Chichester,2020,585.0,26408.0,2201.0,0.27,3.76,1616.0
E07000225,Chichester,2021,633.0,28001.0,2333.0,0.27,3.69,1700.0
E07000225,Chichester,2022,638.0,31554.0,2630.0,0.24,4.12,1992.0
E07000225,Chichester,2023,804.0,30358.0,2530.0,0.32,3.15,1726.0
E07000225,Chichester,2024,864.5,35993.0,2999.0,0.29,3.47,2134.5
E07000225,Chichester,2025,915.0,35264.0,2939.0,0.31,3.21,2024.0
E07000226,Crawley,2019,675.0,32037.0,2670.0,0.25,3.96,1995.0
E07000226,Crawley,2020,675.0,35927.0,2994.0,0.23,4.44,2319.0
E07000226,Crawley,2021,685.0,34450.0,2871.0,0.24,4.19,2186.0
E07000226,Crawley,2022,700.0,35464.0,2955.0,0.24,4.22,2255.0
E07000226,Crawley,2023,871.0,38920.0,3243.0,0.27,3.72,2372.0
E07000226,Crawley,2024,956.0,38405.0,3200.0,0.3,3.35,2244.0
E07000226,Crawley,2025,1027.5,39237.0,3270.0,0.31,3.18,2242.5
E07000227,Horsham,2019,675.0,29386.0,2449.0,0.28,3.63,1774.0
E07000227,Horsham,2020,729.0,31823.0,2652.0,0.27,3.64,1923.0
E07000227,Horsham,2021,673.0,29641.0,2470.0,0.27,3.67,1797.0
E07000227,Horsham,2022,749.0,,,,,
E07000227,Horsham,2023,833.5,33265.0,2772.0,0.3,3.33,1938.5
E07000227,Horsham,2024,917.0,41766.0,3480.0,0.26,3.79,2563.0
E07000227,Horsham,2025,979.0,43487.0,3624.0,0.27,3.7,2645.0
E07000228,Mid Sussex,2019,680.0,29598.0,2466.0,0.28,3.63,1786.0
E07000228,Mid Sussex,2020,635.0,30038.0,2503.0,0.25,3.94,1868.0
E07000228,Mid Sussex,2021,650.0,30372.0,2531.0,0.26,3.89,1881.0
E07000228,Mid Sussex,2022,730.0,33190.0,2766.0,0.26,3.79,2036.0
E07000228,Mid Sussex,2023,843.0,36067.0,3006.0,0.28,3.57,2163.0
E07000228,Mid Sussex,2024,910.0,40000.0,3333.0,0.27,3.66,2423.0
E07000228,Mid Sussex,2025,972.5,44352.0,3696.0,0.26,3.8,2723.5
E07000229,Worthing,2019,538.0,26880.0,2240.0,0.24,4.16,1702.0
E07000229,Worthing,2020,550.0,29869.0,2489.0,0.22,4.53,1939.0
E07000229,Worthing,2021,550.0,29395.0,2450.0,0.22,4.45,1900.0
E07000229,Worthing,2022,620.0,30074.0,2506.0,0.25,4.04,1886.0
E07000229,Worthing,2023,794.0,31915.0,2660.0,0.3,3.35,1866.0
E07000229,Worthing,2024,847.5,37421.0,3118.0,0.27,3.68,2270.5
E07000229,Worthing,2025,891.0,36581.0,3048.0,0.29,3.42,2157.0
E07000234,Bromsgrove,2019,427.5,28653.0,2388.0,0.18,5.59,1960.5
E07000234,Bromsgrove,2020,436.0,28625.0,2385.0,0.18,5.47,1949.0
E07000234,Bromsgrove,2021,433.5,28584.0,2382.0,0.18,5.49,1948.5
E07000234,Bromsgrove,2022,423.0,29255.0,2438.0,0.17,5.76,2015.0
E07000234,Bromsgrove,2023,598.0,,,,,
E07000234,Bromsgrove,2024,648.0,40252.0,3354.0,0.19,5.18,2706.0
E07000234,Bromsgrove,2025,697.5,42776.0,3565.0,0.2,5.11,2867.5
E07000235,Malvern Hills,2019,530.0,25769.0,2147.0,0.25,4.05,1617.0
E07000235,Malvern Hills,2020,472.5,22879.0,1907.0,0.25,4.04,1434.5
E07000235,Malvern Hills,2021,470.0,26852.0,2238.0,0.21,4.76,1768.0
E07000235,Malvern Hills,2022,550.0,29346.0,2446.0,0.22,4.45,1896.0
E07000235,Malvern Hills,2023,582.5,33195.0,2766.0,0.21,4.75,2183.5
E07000235,Malvern Hills,2024,622.0,40328.0,3361.0,0.19,5.4,2739.0
E07000235,Malvern Hills,2025,638.0,35429.0,2952.0,0.22,4.63,2314.0
E07000236,Redditch,2019,457.5,25472.0,2123.0,0.22,4.64,1665.5
E07000236,Redditch,2020,390.0,26984.0,2249.0,0.17,5.77,1859.0
E07000236,Redditch,2021,405.0,31692.0,2641.0,0.15,6.52,2236.0
E07000236,Redditch,2022,432.0,26939.0,2245.0,0.19,5.2,1813.0
E07000236,Redditch,2023,544.0,32147.0,2679.0,0.2,4.92,2135.0
E07000236,Redditch,2024,586.5,33371.0,2781.0,0.21,4.74,2194.5
E07000236,Redditch,2025,618.5,35251.0,2938.0,0.21,4.75,2319.5
E07000237,Worcester,2019,442.0,29495.0,2458.0,0.18,5.56,2016.0
E07000237,Worcester,2020,470.0,28771.0,2398.0,0.2,5.1,1928.0
E07000237,Worcester,2021,455.0,27978.0,2332.0,0.2,5.13,1877.0
E07000237,Worcester,2022,477.0,33108.0,2759.0,0.17,5.78,2282.0
E07000237,Worcester,2023,565.0,33686.0,2807.0,0.2,4.97,2242.0
E07000237,Worcester,2024,622.0,35307.0,2942.0,0.21,4.73,2320.0
E07000237,Worcester,2025,676.0,38880.0,3240.0,0.21,4.79,2564.0
E07000238,Wychavon,2019,461.5,28034.0,2336.0,0.2,5.06,1874.5
E07000238,Wychavon,2020,408.0,28046.0,2337.0,0.17,5.73,1929.0
E07000238,Wychavon,2021,472.5,28449.0,2371.0,0.2,5.02,1898.5
E07000238,Wychavon,2022,550.0,30599.0,2550.0,0.22,4.64,2000.0
E07000238,Wychavon,2023,567.0,32559.0,2713.0,0.21,4.78,2146.0
E07000238,Wychavon,2024,606.0,34058.0,2838.0,0.21,4.68,2232.0
E07000238,Wychavon,2025,642.5,36175.0,3015.0,0.21,4.69,2372.5
E07000239,Wyre Forest,2019,425.0,25852.0,2154.0,0.2,5.07,1729.0
E07000239,Wyre Forest,2020,410.0,26756.0,2230.0,0.18,5.44,1820.0
E07000239,Wyre Forest,2021,425.0,27577.0,2298.0,0.18,5.41,1873.0
E07000239,Wyre Forest,2022,425.0,27455.0,2288.0,0.19,5.38,1863.0
E07000239,Wyre Forest,2023,502.5,,,,,
E07000239,Wyre Forest,2024,541.0,33616.0,2801.0,0.19,5.18,2260.0
E07000239,Wyre Forest,2025,595.0,34661.0,2888.0,0.21,4.85,2293.0
E07000240,St Albans,2019,780.0,32940.0,2745.0,0.28,3.52,1965.0
E07000240,St Albans,2020,785.0,33867.0,2822.0,0.28,3.59,2037.0
E07000240,St Albans,2021,695.0,32899.0,2742.0,0.25,3.95,2047.0
E07000240,St Albans,2022,738.0,34174.0,2848.0,0.26,3.86,2110.0
E07000240,St Albans,2023,1049.5,36111.0,3009.0,0.35,2.87,1959.5
E07000240,St Albans,2024,1129.5,53678.0,4473.0,0.25,3.96,3343.5
E07000240,St Albans,2025,1227.0,57396.0,4783.0,0.26,3.9,3556.0
E07000241,Welwyn Hatfield,2019,625.0,34998.0,2916.0,0.21,4.67,2291.0
E07000241,Welwyn Hatfield,2020,675.0,36958.0,3080.0,0.22,4.56,2405.0
E07000241,Welwyn Hatfield,2021,625.0,33924.0,2827.0,0.22,4.52,2202.0
E07000241,Welwyn Hatfield,2022,737.5,38695.0,3225.0,0.23,4.37,2487.5
E07000241,Welwyn Hatfield,2023,870.5,,,,,
E07000241,Welwyn Hatfield,2024,931.0,41548.0,3462.0,0.27,3.72,2531.0
E07000241,Welwyn Hatfield,2025,1017.0,45145.0,3762.0,0.27,3.7,2745.0
E07000242,East Hertfordshire,2019,625.0,32433.0,2703.0,0.23,4.32,2078.0
E07000242,East Hertfordshire,2020,650.0,32748.0,2729.0,0.24,4.2,2079.0
E07000242,East Hertfordshire,2021,673.0,33981.0,2832.0,0.24,4.21,2159.0
E07000242,East Hertfordshire,2022,698.0,,,,,
E07000242,East Hertfordshire,2023,890.0,40684.0,3390.0,0.26,3.81,2500.0
E07000242,East Hertfordshire,2024,938.5,48634.0,4053.0,0.23,4.32,3114.5
E07000242,East Hertfordshire,2025,1041.0,,,,,
E07000243,Stevenage,2019,600.0,35429.0,2952.0,0.2,4.92,2352.0
E07000243,Stevenage,2020,595.0,,,,,
E07000243,Stevenage,2021,675.0,36261.0,3022.0,0.22,4.48,2347.0
E07000243,Stevenage,2022,675.0,39144.0,3262.0,0.21,4.83,2587.0
E07000243,Stevenage,2023,811.0,41741.0,3478.0,0.23,4.29,2667.0
E07000243,Stevenage,2024,901.5,36298.0,3025.0,0.3,3.36,2123.5
E07000243,Stevenage,2025,979.0,42200.0,3517.0,0.28,3.59,2538.0
E08000001,Bolton,2019,372.0,25662.0,2138.0,0.17,5.75,1766.0
E08000001,Bolton,2020,390.0,25756.0,2146.0,0.18,5.5,1756.0
E08000001,Bolton,2021,450.0,26808.0,2234.0,0.2,4.96,1784.0
E08000001,Bolton,2022,395.0,27489.0,2291.0,0.17,5.8,1896.0
E08000001,Bolton,2023,503.5,29901.0,2492.0,0.2,4.95,1988.5
E08000001,Bolton,2024,544.5,33498.0,2792.0,0.2,5.13,2247.5
E08000001,Bolton,2025,588.0,34186.0,2849.0,0.21,4.85,2261.0
E08000002,Bury,2019,345.0,25412.0,2118.0,0.16,6.14,1773.0
E08000002,Bury,2020,475.0,26623.0,2219.0,0.21,4.67,1744.0
E08000002,Bury,2021,428.0,27578.0,2298.0,0.19,5.37,1870.0
E08000002,Bury,2022,487.5,28115.0,2343.0,0.21,4.81,1855.5
E08000002,Bury,2023,542.5,30332.0,2528.0,0.21,4.66,1985.5
E08000002,Bury,2024,608.5,35001.0,2917.0,0.21,4.79,2308.5
E08000002,Bury,2025,669.5,35767.0,2981.0,0.22,4.45,2311.5
E08000003,Manchester,2019,550.0,30801.0,2567.0,0.21,4.67,2017.0
E08000003,Manchester,2020,575.0,31427.0,2619.0,0.22,4.55,2044.0
E08000003,Manchester,2021,595.0,31435.0,2620.0,0.23,4.4,2025.0
E08000003,Manchester,2022,625.0,34233.0,2853.0,0.22,4.56,2228.0
E08000003,Manchester,2023,795.5,37225.0,3102.0,0.26,3.9,2306.5
E08000003,Manchester,2024,900.5,32689.0,2724.0,0.33,3.02,1823.5
E08000003,Manchester,2025,963.0,36278.0,3023.0,0.32,3.14,2060.0
E08000004,Oldham,2019,412.0,25168.0,2097.0,0.2,5.09,1685.0
E08000004,Oldham,2020,432.5,27626.0,2302.0,0.19,5.32,1869.5
E08000004,Oldham,2021,464.0,27556.0,2296.0,0.2,4.95,1832.0
E08000004,Oldham,2022,455.0,28442.0,2370.0,0.19,5.21,1915.0
E08000004,Oldham,2023,510.5,29928.0,2494.0,0.2,4.89,1983.5
E08000004,Oldham,2024,585.0,33106.0,2759.0,0.21,4.72,2174.0
E08000004,Oldham,2025,623.5,34042.0,2837.0,0.22,4.55,2213.5
E08000005,Rochdale,2019,422.5,25100.0,2092.0,0.2,4.95,1669.5
E08000005,Rochdale,2020,377.5,25984.0,2165.0,0.17,5.74,1787.5
E08000005,Rochdale,2021,425.0,26481.0,2207.0,0.19,5.19,1782.0
E08000005,Rochdale,2022,394.0,27704.0,2309.0,0.17,5.86,1915.0
E08000005,Rochdale,2023,453.5,31016.0,2585.0,0.18,5.7,2131.5
E08000005,Rochdale,2024,509.5,33967.0,2831.0,0.18,5.56,2321.5
E08000005,Rochdale,2025,566.5,34660.0,2888.0,0.2,5.1,2321.5
E08000006,Salford,2019,604.0,28947.0,2412.0,0.25,3.99,1808.0
E08000006,Salford,2020,625.0,32568.0,2714.0,0.23,4.34,2089.0
E08000006,Salford,2021,595.0,29219.0,2435.0,0.24,4.09,1840.0
E08000006,Salford,2022,650.0,32356.0,2696.0,0.24,4.15,2046.0
E08000006,Salford,2023,703.0,34148.0,2846.0,0.25,4.05,2143.0
E08000006,Salford,2024,798.5,34419.0,2868.0,0.28,3.59,2069.5
E08000006,Salford,2025,855.5,34958.0,2913.0,0.29,3.41,2057.5
E08000007,Stockport,2019,420.0,29062.0,2422.0,0.17,5.77,2002.0
E08000007,Stockport,2020,495.0,29113.0,2426.0,0.2,4.9,1931.0
E08000007,Stockport,2021,500.0,27348.0,2279.0,0.22,4.56,1779.0
E08000007,Stockport,2022,498.0,30153.0,2513.0,0.2,5.05,2015.0
E08000007,Stockport,2023,623.5,32572.0,2714.0,0.23,4.35,2090.5
E08000007,Stockport,2024,702.5,37533.0,3128.0,0.22,4.45,2425.5
E08000007,Stockport,2025,764.0,39318.0,3276.0,0.23,4.29,2512.0
E08000008,Tameside,2019,397.5,23569.0,1964.0,0.2,4.94,1566.5
E08000008,Tameside,2020,365.0,,,,,
E08000008,Tameside,2021,384.0,25857.0,2155.0,0.18,5.61,1771.0
E08000008,Tameside,2022,500.0,25742.0,2145.0,0.23,4.29,1645.0
E08000008,Tameside,2023,515.0,27915.0,2326.0,0.22,4.52,1811.0
E08000008,Tameside,2024,574.5,33280.0,2773.0,0.21,4.83,2198.5
E08000008,Tameside,2025,641.5,33949.0,2829.0,0.23,4.41,2187.5
E08000009,Trafford,2019,513.0,28742.0,2395.0,0.21,4.67,1882.0
E08000009,Trafford,2020,550.0,29970.0,2498.0,0.22,4.54,1948.0
E08000009,Trafford,2021,550.0,31572.0,2631.0,0.21,4.78,2081.0
E08000009,Trafford,2022,679.0,32519.0,2710.0,0.25,3.99,2031.0
E08000009,Trafford,2023,743.0,31292.0,2608.0,0.28,3.51,1865.0
E08000009,Trafford,2024,831.5,39369.0,3281.0,0.25,3.95,2449.5
E08000009,Trafford,2025,917.0,42973.0,3581.0,0.26,3.91,2664.0
E08000010,Wigan,2019,373.0,25010.0,2084.0,0.18,5.59,1711.0
E08000010,Wigan,2020,350.0,26220.0,2185.0,0.16,6.24,1835.0
E08000010,Wigan,2021,400.0,27681.0,2307.0,0.17,5.77,1907.0
E08000010,Wigan,2022,400.0,28071.0,2339.0,0.17,5.85,1939.0
E08000010,Wigan,2023,422.0,29994.0,2500.0,0.17,5.92,2078.0
E08000010,Wigan,2024,463.5,34438.0,2870.0,0.16,6.19,2406.5
E08000010,Wigan,2025,503.5,37377.0,3115.0,0.16,6.19,2611.5
E08000011,Knowsley,2019,425.0,28732.0,2394.0,0.18,5.63,1969.0
E08000011,Knowsley,2020,430.0,35926.0,2994.0,0.14,6.96,2564.0
E08000011,Knowsley,2021,450.0,28644.0,2387.0,0.19,5.3,1937.0
E08000011,Knowsley,2022,458.0,30203.0,2517.0,0.18,5.5,2059.0
E08000011,Knowsley,2023,452.0,32604.0,2717.0,0.17,6.01,2265.0
E08000011,Knowsley,2024,509.5,34277.0,2856.0,0.18,5.61,2346.5
E08000011,Knowsley,2025,539.5,37543.0,3129.0,0.17,5.8,2589.5
E08000012,Liverpool,2019,400.0,29596.0,2466.0,0.16,6.16,2066.0
E08000012,Liverpool,2020,440.0,31597.0,2633.0,0.17,5.98,2193.0
E08000012,Liverpool,2021,495.0,30574.0,2548.0,0.19,5.15,2053.0
E08000012,Liverpool,2022,475.0,32000.0,2667.0,0.18,5.61,2192.0
E08000012,Liverpool,2023,533.5,34469.0,2872.0,0.19,5.38,2338.5
E08000012,Liverpool,2024,584.0,34686.0,2890.0,0.2,4.95,2306.0
E08000012,Liverpool,2025,645.0,37144.0,3095.0,0.21,4.8,2450.0
E08000013,St. Helens,2019,368.0,27798.0,2316.0,0.16,6.29,1948.0
E08000013,St. Helens,2020,348.0,27114.0,2260.0,0.15,6.49,1912.0
E08000013,St. Helens,2021,412.0,32451.0,2704.0,0.15,6.56,2292.0
E08000013,St. Helens,2022,450.0,29145.0,2429.0,0.19,5.4,1979.0
E08000013,St. Helens,2023,462.5,30255.0,2521.0,0.18,5.45,2058.5
E08000013,St. Helens,2024,500.0,34474.0,2873.0,0.17,5.75,2373.0
E08000013,St. Helens,2025,553.5,37306.0,3109.0,0.18,5.62,2555.5
E08000014,Sefton,2019,368.0,26385.0,2199.0,0.17,5.98,1831.0
E08000014,Sefton,2020,368.0,27181.0,2265.0,0.16,6.15,1897.0
E08000014,Sefton,2021,368.0,29572.0,2464.0,0.15,6.7,2096.0
E08000014,Sefton,2022,412.0,30618.0,2552.0,0.16,6.19,2140.0
E08000014,Sefton,2023,486.5,,,,,
E08000014,Sefton,2024,535.0,36815.0,3068.0,0.17,5.73,2533.0
E08000014,Sefton,2025,586.5,36937.0,3078.0,0.19,5.25,2491.5
E08000015,Wirral,2019,368.0,26564.0,2214.0,0.17,6.02,1846.0
E08000015,Wirral,2020,363.0,26438.0,2203.0,0.16,6.07,1840.0
E08000015,Wirral,2021,325.0,26825.0,2235.0,0.15,6.88,1910.0
E08000015,Wirral,2022,347.0,28282.0,2357.0,0.15,6.79,2010.0
E08000015,Wirral,2023,454.5,29983.0,2499.0,0.18,5.5,2044.5
E08000015,Wirral,2024,487.5,36336.0,3028.0,0.16,6.21,2540.5
E08000015,Wirral,2025,528.5,38010.0,3168.0,0.17,5.99,2639.5
E08000017,Doncaster,2019,425.0,26576.0,2215.0,0.19,5.21,1790.0
E08000017,Doncaster,2020,390.0,27848.0,2321.0,0.17,5.95,1931.0
E08000017,Doncaster,2021,400.0,26937.0,2245.0,0.18,5.61,1845.0
E08000017,Doncaster,2022,424.0,28887.0,2407.0,0.18,5.68,1983.0
E08000017,Doncaster,2023,408.5,30589.0,2549.0,0.16,6.24,2140.5
E08000017,Doncaster,2024,433.0,34946.0,2912.0,0.15,6.73,2479.0
E08000017,Doncaster,2025,463.5,34967.0,2914.0,0.16,6.29,2450.5
E08000018,Rotherham,2019,368.0,26301.0,2192.0,0.17,5.96,1824.0
E08000018,Rotherham,2020,389.5,27931.0,2328.0,0.17,5.98,1938.5
E08000018,Rotherham,2021,398.0,27925.0,2327.0,0.17,5.85,1929.0
E08000018,Rotherham,2022,450.0,28441.0,2370.0,0.19,5.27,1920.0
E08000018,Rotherham,2023,400.5,31135.0,2595.0,0.15,6.48,2194.5
E08000018,Rotherham,2024,429.5,33797.0,2816.0,0.15,6.56,2386.5
E08000018,Rotherham,2025,464.5,34713.0,2893.0,0.16,6.23,2428.5
E08000021,Newcastle upon Tyne,2019,450.0,28911.0,2409.0,0.19,5.35,1959.0
E08000021,Newcastle upon Tyne,2020,463.0,29709.0,2476.0,0.19,5.35,2013.0
E08000021,Newcastle upon Tyne,2021,485.0,30705.0,2559.0,0.19,5.28,2074.0
E08000021,Newcastle upon Tyne,2022,530.0,31808.0,2651.0,0.2,5.0,2121.0
E08000021,Newcastle upon Tyne,2023,615.5,33817.0,2818.0,0.22,4.58,2202.5
E08000021,Newcastle upon Tyne,2024,651.5,34845.0,2904.0,0.22,4.46,2252.5
E08000021,Newcastle upon Tyne,2025,735.5,35446.0,2954.0,0.25,4.02,2218.5
E08000022,North Tyneside,2019,388.0,28850.0,2404.0,0.16,6.2,2016.0
E08000022,North Tyneside,2020,362.5,27460.0,2288.0,0.16,6.31,1925.5
E08000022,North Tyneside,2021,371.5,27306.0,2276.0,0.16,6.13,1904.5
E08000022,North Tyneside,2022,375.0,30078.0,2506.0,0.15,6.68,2131.0
E08000022,North Tyneside,2023,461.0,31574.0,2631.0,0.18,5.71,2170.0
E08000022,North Tyneside,2024,493.5,36800.0,3067.0,0.16,6.21,2573.5
E08000022,North Tyneside,2025,545.5,37063.0,3089.0,0.18,5.66,2543.5
E08000023,South Tyneside,2019,386.5,24458.0,2038.0,0.19,5.27,1651.5
E08000023,South Tyneside,2020,371.5,26767.0,2231.0,0.17,6.01,1859.5
E08000023,South Tyneside,2021,390.0,24802.0,2067.0,0.19,5.3,1677.0
E08000023,South Tyneside,2022,395.0,27826.0,2319.0,0.17,5.87,1924.0
E08000023,South Tyneside,2023,400.0,28263.0,2355.0,0.17,5.89,1955.0
E08000023,South Tyneside,2024,439.0,33152.0,2763.0,0.16,6.29,2324.0
E08000023,South Tyneside,2025,482.0,33739.0,2812.0,0.17,5.83,2330.0
E08000024,Sunderland,2019,381.0,27134.0,2261.0,0.17,5.93,1880.0
E08000024,Sunderland,2020,410.0,28376.0,2365.0,0.17,5.77,1955.0
E08000024,Sunderland,2021,425.0,26820.0,2235.0,0.19,5.26,1810.0
E08000024,Sunderland,2022,450.0,28160.0,2347.0,0.19,5.22,1897.0
E08000024,Sunderland,2023,429.0,29672.0,2473.0,0.17,5.76,2044.0
E08000024,Sunderland,2024,458.0,32714.0,2726.0,0.17,5.95,2268.0
E08000024,Sunderland,2025,498.5,32744.0,2729.0,0.18,5.47,2230.5
E08000025,Birmingham,2019,525.0,30733.0,2561.0,0.2,4.88,2036.0
E08000025,Birmingham,2020,625.0,33023.0,2752.0,0.23,4.4,2127.0
E08000025,Birmingham,2021,550.0,31987.0,2666.0,0.21,4.85,2116.0
E08000025,Birmingham,2022,550.0,34147.0,2846.0,0.19,5.17,2296.0
E08000025,Birmingham,2023,669.0,35000.0,2917.0,0.23,4.36,2248.0
E08000025,Birmingham,2024,748.5,33955.0,2830.0,0.26,3.78,2081.5
E08000025,Birmingham,2025,801.5,35989.0,2999.0,0.27,3.74,2197.5
E08000026,Coventry,2019,450.0,29937.0,2495.0,0.18,5.54,2045.0
E08000026,Coventry,2020,450.0,32524.0,2710.0,0.17,6.02,2260.0
E08000026,Coventry,2021,495.0,33313.0,2776.0,0.18,5.61,2281.0
E08000026,Coventry,2022,495.0,33715.0,2810.0,0.18,5.68,2315.0
E08000026,Coventry,2023,637.0,39503.0,3292.0,0.19,5.17,2655.0
E08000026,Coventry,2024,703.0,35009.0,2917.0,0.24,4.15,2214.0
E08000026,Coventry,2025,741.0,37759.0,3147.0,0.24,4.25,2406.0
E08000027,Dudley,2019,350.0,26762.0,2230.0,0.16,6.37,1880.0
E08000027,Dudley,2020,368.0,29083.0,2424.0,0.15,6.59,2056.0
E08000027,Dudley,2021,425.0,29926.0,2494.0,0.17,5.87,2069.0
E08000027,Dudley,2022,462.5,30920.0,2577.0,0.18,5.57,2114.5
E08000027,Dudley,2023,515.0,32156.0,2680.0,0.19,5.2,2165.0
E08000027,Dudley,2024,542.5,34786.0,2899.0,0.19,5.34,2356.5
E08000027,Dudley,2025,585.0,35486.0,2957.0,0.2,5.05,2372.0
E08000028,Sandwell,2019,419.0,26119.0,2177.0,0.19,5.2,1758.0
E08000028,Sandwell,2020,395.0,27645.0,2304.0,0.17,5.83,1909.0
E08000028,Sandwell,2021,435.0,27547.0,2296.0,0.19,5.28,1861.0
E08000028,Sandwell,2022,450.0,27473.0,2289.0,0.2,5.09,1839.0
E08000028,Sandwell,2023,549.5,30639.0,2553.0,0.22,4.65,2003.5
E08000028,Sandwell,2024,592.0,31920.0,2660.0,0.22,4.49,2068.0
E08000028,Sandwell,2025,625.5,33029.0,2752.0,0.23,4.4,2126.5
E08000029,Solihull,2019,540.0,32835.0,2736.0,0.2,5.07,2196.0
E08000029,Solihull,2020,565.0,31065.0,2589.0,0.22,4.58,2024.0
E08000029,Solihull,2021,500.0,35486.0,2957.0,0.17,5.91,2457.0
E08000029,Solihull,2022,658.0,40743.0,3395.0,0.19,5.16,2737.0
E08000029,Solihull,2023,706.5,35353.0,2946.0,0.24,4.17,2239.5
E08000029,Solihull,2024,794.5,41285.0,3440.0,0.23,4.33,2645.5
E08000029,Solihull,2025,831.0,46896.0,3908.0,0.21,4.7,3077.0
E08000030,Walsall,2019,375.0,27493.0,2291.0,0.16,6.11,1916.0
E08000030,Walsall,2020,435.0,28559.0,2380.0,0.18,5.47,1945.0
E08000030,Walsall,2021,425.0,29064.0,2422.0,0.18,5.7,1997.0
E08000030,Walsall,2022,395.0,29300.0,2442.0,0.16,6.18,2047.0
E08000030,Walsall,2023,529.5,32204.0,2684.0,0.2,5.07,2154.5
E08000030,Walsall,2024,566.0,32498.0,2708.0,0.21,4.78,2142.0
E08000030,Walsall,2025,595.0,34036.0,2836.0,0.21,4.77,2241.0
E08000031,Wolverhampton,2019,400.0,28445.0,2370.0,0.17,5.92,1970.0
E08000031,Wolverhampton,2020,425.0,28042.0,2337.0,0.18,5.5,1912.0
E08000031,Wolverhampton,2021,450.0,28441.0,2370.0,0.19,5.27,1920.0
E08000031,Wolverhampton,2022,475.0,30380.0,2532.0,0.19,5.33,2057.0
E08000031,Wolverhampton,2023,512.0,31771.0,2648.0,0.19,5.17,2136.0
E08000031,Wolverhampton,2024,552.5,33085.0,2757.0,0.2,4.99,2204.5
E08000031,Wolverhampton,2025,602.0,35858.0,2988.0,0.2,4.96,2386.0
E08000032,Bradford,2019,390.0,26442.0,2204.0,0.18,5.65,1814.0
E08000032,Bradford,2020,350.0,27914.0,2326.0,0.15,6.65,1976.0
E08000032,Bradford,2021,390.0,28939.0,2412.0,0.16,6.18,2022.0
E08000032,Bradford,2022,400.0,30879.0,2573.0,0.16,6.43,2173.0
E08000032,Bradford,2023,457.0,31558.0,2630.0,0.17,5.75,2173.0
E08000032,Bradford,2024,498.0,32128.0,2677.0,0.19,5.38,2179.0
E08000032,Bradford,2025,531.5,33526.0,2794.0,0.19,5.26,2262.5
E08000033,Calderdale,2019,368.0,27230.0,2269.0,0.16,6.17,1901.0
E08000033,Calderdale,2020,368.0,27532.0,2294.0,0.16,6.23,1926.0
E08000033,Calderdale,2021,370.0,27548.0,2296.0,0.16,6.21,1926.0
E08000033,Calderdale,2022,375.0,29958.0,2496.0,0.15,6.66,2121.0
E08000033,Calderdale,2023,443.5,31598.0,2633.0,0.17,5.94,2189.5
E08000033,Calderdale,2024,480.0,36700.0,3058.0,0.16,6.37,2578.0
E08000033,Calderdale,2025,530.5,35989.0,2999.0,0.18,5.65,2468.5
E08000034,Kirklees,2019,325.0,26526.0,2210.0,0.15,6.8,1885.0
E08000034,Kirklees,2020,333.0,27471.0,2289.0,0.15,6.87,1956.0
E08000034,Kirklees,2021,350.0,26620.0,2218.0,0.16,6.34,1868.0
E08000034,Kirklees,2022,347.0,30115.0,2510.0,0.14,7.23,2163.0
E08000034,Kirklees,2023,469.0,30057.0,2505.0,0.19,5.34,2036.0
E08000034,Kirklees,2024,508.0,34361.0,2863.0,0.18,5.64,2355.0
E08000034,Kirklees,2025,514.5,35867.0,2989.0,0.17,5.81,2474.5
E08000035,Leeds,2019,495.0,29337.0,2445.0,0.2,4.94,1950.0
E08000035,Leeds,2020,495.0,30339.0,2528.0,0.2,5.11,2033.0
E08000035,Leeds,2021,495.0,30583.0,2549.0,0.19,5.15,2054.0
E08000035,Leeds,2022,525.0,32690.0,2724.0,0.19,5.19,2199.0
E08000035,Leeds,2023,690.0,34622.0,2885.0,0.24,4.18,2195.0
E08000035,Leeds,2024,744.0,36479.0,3040.0,0.24,4.09,2296.0
E08000035,Leeds,2025,751.0,36716.0,3060.0,0.25,4.07,2309.0
E08000036,Wakefield,2019,395.0,27694.0,2308.0,0.17,5.84,1913.0
E08000036,Wakefield,2020,450.0,27935.0,2328.0,0.19,5.17,1878.0
E08000036,Wakefield,2021,450.0,28265.0,2355.0,0.19,5.23,1905.0
E08000036,Wakefield,2022,433.0,29586.0,2466.0,0.18,5.7,2033.0
E08000036,Wakefield,2023,490.0,32762.0,2730.0,0.18,5.57,2240.0
E08000036,Wakefield,2024,525.0,32700.0,2725.0,0.19,5.19,2200.0
E08000036,Wakefield,2025,538.5,34400.0,2867.0,0.19,5.32,2328.5
E08000037,Gateshead,2019,425.0,26152.0,2179.0,0.2,5.13,1754.0
E08000037,Gateshead,2020,425.0,25788.0,2149.0,0.2,5.06,1724.0
E08000037,Gateshead,2021,453.0,25844.0,2154.0,0.21,4.75,1701.0
E08000037,Gateshead,2022,475.0,28707.0,2392.0,0.2,5.04,1917.0
E08000037,Gateshead,2023,469.5,30601.0,2550.0,0.18,5.43,2080.5
E08000037,Gateshead,2024,509.5,32670.0,2722.0,0.19,5.34,2212.5
E08000037,Gateshead,2025,557.0,34199.0,2850.0,0.2,5.12,2293.0
E09000002,Barking and Dagenham,2019,740.0,28739.0,2395.0,0.31,3.24,1655.0
E09000002,Barking and Dagenham,2020,730.0,,,,,
E09000002,Barking and Dagenham,2021,750.0,32482.0,2707.0,0.28,3.61,1957.0
E09000002,Barking and Dagenham,2022,730.0,31559.0,2630.0,0.28,3.6,1900.0
E09000002,Barking and Dagenham,2023,1073.5,34341.0,2862.0,0.38,2.67,1788.5
E09000002,Barking and Dagenham,2024,1166.5,38304.0,3192.0,0.37,2.74,2025.5
E09000002,Barking and Dagenham,2025,1333.0,38467.0,3206.0,0.42,2.41,1873.0
E09000003,Barnet,2019,900.0,31637.0,2636.0,0.34,2.93,1736.0
E09000003,Barnet,2020,1025.0,34022.0,2835.0,0.36,2.77,1810.0
E09000003,Barnet,2021,908.0,34800.0,2900.0,0.31,3.19,1992.0
E09000003,Barnet,2022,914.0,34021.0,2835.0,0.32,3.1,1921.0
E09000003,Barnet,2023,1245.0,38457.0,3205.0,0.39,2.57,1960.0
E09000003,Barnet,2024,1334.5,44858.0,3738.0,0.36,2.8,2403.5
E09000003,Barnet,2025,1439.5,47141.0,3928.0,0.37,2.73,2488.5
E09000004,Bexley,2019,700.0,31656.0,2638.0,0.27,3.77,1938.0
E09000004,Bexley,2020,700.0,31742.0,2645.0,0.26,3.78,1945.0
E09000004,Bexley,2021,775.0,29194.0,2433.0,0.32,3.14,1658.0
E09000004,Bexley,2022,840.0,34976.0,2915.0,0.29,3.47,2075.0
E09000004,Bexley,2023,988.0,35728.0,2977.0,0.33,3.01,1989.0
E09000004,Bexley,2024,1057.5,44524.0,3710.0,0.29,3.51,2652.5
E09000004,Bexley,2025,1194.5,43969.0,3664.0,0.33,3.07,2469.5
E09000005,Brent,2019,900.0,31706.0,2642.0,0.34,2.94,1742.0
E09000005,Brent,2020,910.0,34046.0,2837.0,0.32,3.12,1927.0
E09000005,Brent,2021,850.0,33633.0,2803.0,0.3,3.3,1953.0
E09000005,Brent,2022,887.0,42766.0,3564.0,0.25,4.02,2677.0
E09000005,Brent,2023,1217.0,36160.0,3013.0,0.4,2.48,1796.0
E09000005,Brent,2024,1619.5,39134.0,3261.0,0.5,2.01,1641.5
E09000005,Brent,2025,1555.5,39944.0,3329.0,0.47,2.14,1773.5
E09000006,Bromley,2019,750.0,,,,,
E09000006,Bromley,2020,800.0,34975.0,2915.0,0.27,3.64,2115.0
E09000006,Bromley,2021,800.0,34432.0,2869.0,0.28,3.59,2069.0
E09000006,Bromley,2022,820.0,36640.0,3053.0,0.27,3.72,2233.0
E09000006,Bromley,2023,1098.0,40138.0,3345.0,0.33,3.05,2247.0
E09000006,Bromley,2024,1190.0,47496.0,3958.0,0.3,3.33,2768.0
E09000006,Bromley,2025,1271.0,51225.0,4269.0,0.3,3.36,2998.0
E09000007,Camden,2019,1250.0,40238.0,3353.0,0.37,2.68,2103.0
E09000007,Camden,2020,1000.0,40422.0,3368.0,0.3,3.37,2368.0
E09000007,Camden,2021,960.0,41262.0,3438.0,0.28,3.58,2478.0
E09000007,Camden,2022,1325.0,44583.0,3715.0,0.36,2.8,2390.0
E09000007,Camden,2023,1724.0,45326.0,3777.0,0.46,2.19,2053.0
E09000007,Camden,2024,1814.0,44602.0,3717.0,0.49,2.05,1903.0
E09000007,Camden,2025,2032.0,53133.0,4428.0,0.46,2.18,2396.0
E09000008,Croydon,2019,750.0,35654.0,2971.0,0.25,3.96,2221.0
E09000008,Croydon,2020,750.0,34107.0,2842.0,0.26,3.79,2092.0
E09000008,Croydon,2021,825.0,34911.0,2909.0,0.28,3.53,2084.0
E09000008,Croydon,2022,800.0,38726.0,3227.0,0.25,4.03,2427.0
E09000008,Croydon,2023,1020.5,38696.0,3225.0,0.32,3.16,2204.5
E09000008,Croydon,2024,1136.0,43891.0,3658.0,0.31,3.22,2522.0
E09000008,Croydon,2025,1220.0,44326.0,3694.0,0.33,3.03,2474.0
E09000009,Ealing,2019,935.0,31032.0,2586.0,0.36,2.77,1651.0
E09000009,Ealing,2020,900.0,32685.0,2724.0,0.33,3.03,1824.0
E09000009,Ealing,2021,975.0,32213.0,2684.0,0.36,2.75,1709.0
E09000009,Ealing,2022,936.0,34810.0,2901.0,0.32,3.1,1965.0
E09000009,Ealing,2023,1258.0,37856.0,3155.0,0.4,2.51,1897.0
E09000009,Ealing,2024,1408.0,41467.0,3456.0,0.41,2.45,2048.0
E09000009,Ealing,2025,1572.0,40889.0,3407.0,0.46,2.17,1835.0
E09000010,Enfield,2019,825.0,28170.0,2348.0,0.35,2.85,1523.0
E09000010,Enfield,2020,900.0,31143.0,2595.0,0.35,2.88,1695.0
E09000010,Enfield,2021,850.0,30808.0,2567.0,0.33,3.02,1717.0
E09000010,Enfield,2022,838.0,36278.0,3023.0,0.28,3.61,2185.0
E09000010,Enfield,2023,1107.5,35885.0,2990.0,0.37,2.7,1882.5
E09000010,Enfield,2024,1204.5,43409.0,3617.0,0.33,3.0,2412.5
E09000010,Enfield,2025,1339.0,43888.0,3657.0,0.37,2.73,2318.0
E09000011,Greenwich,2019,813.0,33214.0,2768.0,0.29,3.4,1955.0
E09000011,Greenwich,2020,850.0,34257.0,2855.0,0.3,3.36,2005.0
E09000011,Greenwich,2021,900.0,34429.0,2869.0,0.31,3.19,1969.0
E09000011,Greenwich,2022,850.0,33719.0,2810.0,0.3,3.31,1960.0
E09000011,Greenwich,2023,1212.5,37420.0,3118.0,0.39,2.57,1905.5
E09000011,Greenwich,2024,1406.5,44981.0,3748.0,0.38,2.66,2341.5
E09000011,Greenwich,2025,1467.0,,,,,
E09000012,Hackney,2019,1125.0,35082.0,2924.0,0.38,2.6,1799.0
E09000012,Hackney,2020,1212.5,36756.0,3063.0,0.4,2.53,1850.5
E09000012,Hackney,2021,1000.0,39181.0,3265.0,0.31,3.26,2265.0
E09000012,Hackney,2022,1300.0,43182.0,3598.0,0.36,2.77,2298.0
E09000012,Hackney,2023,1569.5,45094.0,3758.0,0.42,2.39,2188.5
E09000012,Hackney,2024,1754.5,46240.0,3853.0,0.46,2.2,2098.5
E09000012,Hackney,2025,1922.0,49482.0,4124.0,0.47,2.15,2202.0
E09000013,Hammersmith and Fulham,2019,1218.5,38177.0,3181.0,0.38,2.61,1962.5
E09000013,Hammersmith and Fulham,2020,1122.0,41807.0,3484.0,0.32,3.11,2362.0
E09000013,Hammersmith and Fulham,2021,1040.0,39419.0,3285.0,0.32,3.16,2245.0
E09000013,Hammersmith and Fulham,2022,1229.5,40739.0,3395.0,0.36,2.76,2165.5
E09000013,Hammersmith and Fulham,2023,1600.5,44642.0,3720.0,0.43,2.32,2119.5
E09000013,Hammersmith and Fulham,2024,1785.5,49510.0,4126.0,0.43,2.31,2340.5
E09000013,Hammersmith and Fulham,2025,1926.5,47192.0,3933.0,0.49,2.04,2006.5
E09000014,Haringey,2019,901.0,30515.0,2543.0,0.35,2.82,1642.0
E09000014,Haringey,2020,932.0,33613.0,2801.0,0.33,3.01,1869.0
E09000014,Haringey,2021,875.0,32485.0,2707.0,0.32,3.09,1832.0
E09000014,Haringey,2022,900.0,,,,,
E09000014,Haringey,2023,1316.5,35654.0,2971.0,0.44,2.26,1654.5
E09000014,Haringey,2024,1455.0,44549.0,3712.0,0.39,2.55,2257.0
E09000014,Haringey,2025,1605.0,43995.0,3666.0,0.44,2.28,2061.0
E09000015,Harrow,2019,875.0,32812.0,2734.0,0.32,3.12,1859.0
E09000015,Harrow,2020,875.0,29644.0,2470.0,0.35,2.82,1595.0
E09000015,Harrow,2021,800.0,33811.0,2818.0,0.28,3.52,2018.0
E09000015,Harrow,2022,790.0,33466.0,2789.0,0.28,3.53,1999.0
E09000015,Harrow,2023,1122.5,,,,,
E09000015,Harrow,2024,1250.0,44264.0,3689.0,0.34,2.95,2439.0
E09000015,Harrow,2025,1348.5,45232.0,3769.0,0.36,2.79,2420.5
E09000016,Havering,2019,670.0,32227.0,2686.0,0.25,4.01,2016.0
E09000016,Havering,2020,700.0,33946.0,2829.0,0.25,4.04,2129.0
E09000016,Havering,2021,750.0,31985.0,2665.0,0.28,3.55,1915.0
E09000016,Havering,2022,725.0,33366.0,2780.0,0.26,3.83,2055.0
E09000016,Havering,2023,970.5,40653.0,3388.0,0.29,3.49,2417.5
E09000016,Havering,2024,1077.0,44797.0,3733.0,0.29,3.47,2656.0
E09000016,Havering,2025,1184.0,46045.0,3837.0,0.31,3.24,2653.0
E09000017,Hillingdon,2019,700.0,35359.0,2947.0,0.24,4.21,2247.0
E09000017,Hillingdon,2020,750.0,38024.0,3169.0,0.24,4.23,2419.0
E09000017,Hillingdon,2021,795.0,34530.0,2878.0,0.28,3.62,2083.0
E09000017,Hillingdon,2022,750.0,34259.0,2855.0,0.26,3.81,2105.0
E09000017,Hillingdon,2023,1003.0,36142.0,3012.0,0.33,3.0,2009.0
E09000017,Hillingdon,2024,1130.0,42184.0,3515.0,0.32,3.11,2385.0
E09000017,Hillingdon,2025,1219.0,42250.0,3521.0,0.35,2.89,2302.0
E09000018,Hounslow,2019,795.0,36672.0,3056.0,0.26,3.84,2261.0
E09000018,Hounslow,2020,775.0,36958.0,3080.0,0.25,3.97,2305.0
E09000018,Hounslow,2021,800.0,37940.0,3162.0,0.25,3.95,2362.0
E09000018,Hounslow,2022,800.0,,,,,
E09000018,Hounslow,2023,1218.5,39151.0,3263.0,0.37,2.68,2044.5
E09000018,Hounslow,2024,1376.0,39500.0,3292.0,0.42,2.39,1916.0
E09000018,Hounslow,2025,1527.5,40870.0,3406.0,0.45,2.23,1878.5
E09000019,Islington,2019,1105.0,41199.0,3433.0,0.32,3.11,2328.0
E09000019,Islington,2020,1413.0,42105.0,3509.0,0.4,2.48,2096.0
E09000019,Islington,2021,1000.0,41946.0,3496.0,0.29,3.5,2496.0
E09000019,Islington,2022,1110.0,45290.0,3774.0,0.29,3.4,2664.0
E09000019,Islington,2023,1644.0,48006.0,4000.0,0.41,2.43,2356.0
E09000019,Islington,2024,1893.0,,,,,
E09000019,Islington,2025,2035.0,,,,,
E09000020,Kensington and Chelsea,2019,1350.0,33000.0,2750.0,0.49,2.04,1400.0
E09000020,Kensington and Chelsea,2020,1679.0,35295.0,2941.0,0.57,1.75,1262.0
E09000020,Kensington and Chelsea,2021,1527.5,33779.0,2815.0,0.54,1.84,1287.5
E09000020,Kensington and Chelsea,2022,1387.0,36500.0,3042.0,0.46,2.19,1655.0
E09000020,Kensington and Chelsea,2023,2201.0,,,,,
E09000020,Kensington and Chelsea,2024,2405.5,,,,,
E09000020,Kensington and Chelsea,2025,2578.5,52576.0,4381.0,0.59,1.7,1802.5
E09000021,Kingston upon Thames,2019,850.0,32261.0,2688.0,0.32,3.16,1838.0
E09000021,Kingston upon Thames,2020,870.0,35268.0,2939.0,0.3,3.38,2069.0
E09000021,Kingston upon Thames,2021,850.0,,,,,
E09000021,Kingston upon Thames,2022,850.0,36203.0,3017.0,0.28,3.55,2167.0
E09000021,Kingston upon Thames,2023,1167.0,,,,,
E09000021,Kingston upon Thames,2024,1249.5,44973.0,3748.0,0.33,3.0,2498.5
E09000021,Kingston upon Thames,2025,1384.5,46871.0,3906.0,0.35,2.82,2521.5
E09000022,Lambeth,2019,950.0,37226.0,3102.0,0.31,3.27,2152.0
E09000022,Lambeth,2020,1250.0,38486.0,3207.0,0.39,2.57,1957.0
E09000022,Lambeth,2021,954.0,35700.0,2975.0,0.32,3.12,2021.0
E09000022,Lambeth,2022,1000.0,38175.0,3181.0,0.31,3.18,2181.0
E09000022,Lambeth,2023,1481.5,40843.0,3404.0,0.44,2.3,1922.5
E09000022,Lambeth,2024,1616.0,48576.0,4048.0,0.4,2.5,2432.0
E09000022,Lambeth,2025,1792.5,49034.0,4086.0,0.44,2.28,2293.5
E09000023,Lewisham,2019,875.0,32392.0,2699.0,0.32,3.08,1824.0
E09000023,Lewisham,2020,850.0,34403.0,2867.0,0.3,3.37,2017.0
E09000023,Lewisham,2021,898.0,33457.0,2788.0,0.32,3.1,1890.0
E09000023,Lewisham,2022,900.0,35980.0,2998.0,0.3,3.33,2098.0
E09000023,Lewisham,2023,1199.5,38918.0,3243.0,0.37,2.7,2043.5
E09000023,Lewisham,2024,1320.0,44352.0,3696.0,0.36,2.8,2376.0
E09000023,Lewisham,2025,1416.5,45702.0,3808.0,0.37,2.69,2391.5
E09000024,Merton,2019,900.0,,,,,
E09000024,Merton,2020,980.0,33114.0,2760.0,0.36,2.82,1780.0
E09000024,Merton,2021,900.0,34210.0,2851.0,0.32,3.17,1951.0
E09000024,Merton,2022,900.0,33980.0,2832.0,0.32,3.15,1932.0
E09000024,Merton,2023,1344.5,37158.0,3096.0,0.43,2.3,1751.5
E09000024,Merton,2024,1439.0,46217.0,3851.0,0.37,2.68,2412.0
E09000024,Merton,2025,1550.0,50844.0,4237.0,0.37,2.73,2687.0
E09000025,Newham,2019,1000.0,33600.0,2800.0,0.36,2.8,1800.0
E09000025,Newham,2020,1161.0,33886.0,2824.0,0.41,2.43,1663.0
E09000025,Newham,2021,1208.0,36668.0,3056.0,0.4,2.53,1848.0
E09000025,Newham,2022,1215.0,39781.0,3315.0,0.37,2.73,2100.0
E09000025,Newham,2023,1334.5,39077.0,3256.0,0.41,2.44,1921.5
E09000025,Newham,2024,1442.0,38826.0,3236.0,0.45,2.24,1794.0
E09000025,Newham,2025,1576.0,42595.0,3550.0,0.44,2.25,1974.0
E09000026,Redbridge,2019,795.0,29967.0,2497.0,0.32,3.14,1702.0
E09000026,Redbridge,2020,760.0,32526.0,2710.0,0.28,3.57,1950.0
E09000026,Redbridge,2021,800.0,31034.0,2586.0,0.31,3.23,1786.0
E09000026,Redbridge,2022,800.0,34565.0,2880.0,0.28,3.6,2080.0
E09000026,Redbridge,2023,1100.0,34426.0,2869.0,0.38,2.61,1769.0
E09000026,Redbridge,2024,1203.5,43226.0,3602.0,0.33,2.99,2398.5
E09000026,Redbridge,2025,1330.5,44851.0,3738.0,0.36,2.81,2407.5
E09000027,Richmond upon Thames,2019,1087.5,35390.0,2949.0,0.37,2.71,1861.5
E09000027,Richmond upon Thames,2020,1100.0,35575.0,2965.0,0.37,2.7,1865.0
E09000027,Richmond upon Thames,2021,918.0,35651.0,2971.0,0.31,3.24,2053.0
E09000027,Richmond upon Thames,2022,950.0,36888.0,3074.0,0.31,3.24,2124.0
E09000027,Richmond upon Thames,2023,1350.0,39523.0,3294.0,0.41,2.44,1944.0
E09000027,Richmond upon Thames,2024,1458.0,55877.0,4656.0,0.31,3.19,3198.0
E09000027,Richmond upon Thames,2025,1645.5,57233.0,4769.0,0.35,2.9,3123.5
E09000028,Southwark,2019,1013.0,40367.0,3364.0,0.3,3.32,2351.0
E09000028,Southwark,2020,1100.0,42925.0,3577.0,0.31,3.25,2477.0
E09000028,Southwark,2021,1050.0,41234.0,3436.0,0.31,3.27,2386.0
E09000028,Southwark,2022,1126.0,43951.0,3663.0,0.31,3.25,2537.0
E09000028,Southwark,2023,1557.0,43321.0,3610.0,0.43,2.32,2053.0
E09000028,Southwark,2024,1671.5,43723.0,3644.0,0.46,2.18,1972.5
E09000028,Southwark,2025,1776.5,48681.0,4057.0,0.44,2.28,2280.5
E09000029,Sutton,2019,750.0,32999.0,2750.0,0.27,3.67,2000.0
E09000029,Sutton,2020,775.0,35097.0,2925.0,0.26,3.77,2150.0
E09000029,Sutton,2021,785.0,30763.0,2564.0,0.31,3.27,1779.0
E09000029,Sutton,2022,885.0,35728.0,2977.0,0.3,3.36,2092.0
E09000029,Sutton,2023,1003.0,35588.0,2966.0,0.34,2.96,1963.0
E09000029,Sutton,2024,1138.5,43872.0,3656.0,0.31,3.21,2517.5
E09000029,Sutton,2025,1208.0,44393.0,3699.0,0.33,3.06,2491.0
E09000030,Tower Hamlets,2019,1343.0,45914.0,3826.0,0.35,2.85,2483.0
E09000030,Tower Hamlets,2020,1350.0,50465.0,4205.0,0.32,3.11,2855.0
E09000030,Tower Hamlets,2021,1170.0,47945.0,3995.0,0.29,3.41,2825.0
E09000030,Tower Hamlets,2022,1300.0,52498.0,4375.0,0.3,3.37,3075.0
E09000030,Tower Hamlets,2023,1636.5,60790.0,5066.0,0.32,3.1,3429.5
E09000030,Tower Hamlets,2024,1814.0,46558.0,3880.0,0.47,2.14,2066.0
E09000030,Tower Hamlets,2025,1922.5,52000.0,4333.0,0.44,2.25,2410.5
E09000031,Waltham Forest,2019,825.0,30664.0,2555.0,0.32,3.1,1730.0
E09000031,Waltham Forest,2020,850.0,34680.0,2890.0,0.29,3.4,2040.0
E09000031,Waltham Forest,2021,850.0,31997.0,2666.0,0.32,3.14,1816.0
E09000031,Waltham Forest,2022,850.0,30914.0,2576.0,0.33,3.03,1726.0
E09000031,Waltham Forest,2023,1162.5,35747.0,2979.0,0.39,2.56,1816.5
E09000031,Waltham Forest,2024,1270.5,45353.0,3779.0,0.34,2.97,2508.5
E09000031,Waltham Forest,2025,1376.5,45350.0,3779.0,0.36,2.75,2402.5
E09000032,Wandsworth,2019,1024.0,34814.0,2901.0,0.35,2.83,1877.0
E09000032,Wandsworth,2020,1225.0,34791.0,2899.0,0.42,2.37,1674.0
E09000032,Wandsworth,2021,1000.0,33499.0,2792.0,0.36,2.79,1792.0
E09000032,Wandsworth,2022,1050.0,36434.0,3036.0,0.35,2.89,1986.0
E09000032,Wandsworth,2023,1561.5,39723.0,3310.0,0.47,2.12,1748.5
E09000032,Wandsworth,2024,1701.5,50398.0,4200.0,0.41,2.47,2498.5
E09000032,Wandsworth,2025,1848.0,54584.0,4549.0,0.41,2.46,2701.0
E09000033,Westminster,2019,1387.0,43753.0,3646.0,0.38,2.63,2259.0
E09000033,Westminster,2020,1213.0,46251.0,3854.0,0.31,3.18,2641.0
E09000033,Westminster,2021,1213.0,45000.0,3750.0,0.32,3.09,2537.0
E09000033,Westminster,2022,1235.0,45253.0,3771.0,0.33,3.05,2536.0
E09000033,Westminster,2023,2211.0,49985.0,4165.0,0.53,1.88,1954.0
E09000033,Westminster,2024,2403.5,,,,,
E09000033,Westminster,2025,2578.0,52610.0,4384.0,0.59,1.7,1806.0
